dates,amount,price,dollar_volume,volume
2018-07-08 22:27:05,-0.32532162,6754.9,-2197.51501094,-0.32532162
2018-07-08 23:07:47,-22.56485317,6685.1,-150848.299927,-22.56485317
2018-07-08 23:13:11,-1.58814729,6706.9,-10651.5450593,-1.58814729
2018-07-08 23:48:13,-2.02333899,6708.6,-13573.7719483,-2.02333899
2018-07-09 00:36:33,-0.559919,6714.5,-3759.5761255,-0.559919
2018-07-09 02:20:54,-0.511834,6701.0,-3429.799634,-0.511834
2018-07-09 05:05:47,-1.0,6692.1,-6692.1,-1.0
2018-07-09 06:30:35,6.3225,6712.7,42441.04575,6.3225
2018-07-09 07:46:12,0.20894533,6728.3,1405.84686384,0.20894533
2018-07-09 08:53:11,-2.11908816,6714.4,-14228.4055415,-2.11908816
2018-07-09 09:12:03,-2.0,6695.1,-13390.2,-2.0
2018-07-09 09:32:25,1.91850856,6684.9,12825.0378727,1.91850856
2018-07-09 09:53:15,-8.17117953,6676.0,-54550.7945423,-8.17117953
2018-07-09 10:20:51,2.03365854,6685.8,13596.6342667,2.03365854
2018-07-09 11:29:55,14.37,6720.9,96579.333,14.37
2018-07-09 11:32:46,2.65857873,6740.2,17919.3523559,2.65857873
2018-07-09 12:33:18,-1.5,6709.9,-10064.85,-1.5
2018-07-09 13:49:18,0.34203631,6722.0,2299.16807582,0.34203631
2018-07-09 15:00:03,1.208,6730.1,8129.9608,1.208
2018-07-09 15:55:13,-15.0,6728.0,-100920.0,-15.0
2018-07-09 16:13:26,-5.00314919,6705.0,-33546.115319,-5.00314919
2018-07-09 17:07:31,-47.8887425,6710.0,-321333.462175,-47.8887425
2018-07-09 17:37:57,-0.53536303,6705.0,-3589.60911615,-0.53536303
2018-07-09 17:44:40,-0.9363341,6695.0,-6268.7567995,-0.9363341
2018-07-09 17:57:23,-0.32882689,6695.6,-2201.69332468,-0.32882689
2018-07-09 18:52:20,3.84389901,6703.0,25765.655064,3.84389901
2018-07-09 20:59:01,-1.0,6698.8,-6698.8,-1.0
2018-07-09 22:10:37,3.0,6785.0,20355.0,3.0
2018-07-09 22:11:53,-7.84900991,6777.9,-53199.804269,-7.84900991
2018-07-09 22:20:31,66.9346406,6740.2,451152.864572,66.9346406
2018-07-09 22:27:30,2.0,6699.7,13399.4,2.0
2018-07-09 22:58:05,-3.0,6698.9,-20096.7,-3.0
2018-07-09 23:23:50,-3.61,6645.44984685,-23990.0739471,-3.61
2018-07-09 23:24:33,9.5,6647.0,63146.5,9.5
2018-07-09 23:29:39,-0.48134802,6650.0,-3200.964333,-0.48134802
2018-07-09 23:32:50,1.5381122,6661.5,10246.1344203,1.5381122
2018-07-10 00:03:51,-0.18648781,6651.1,-1240.34907309,-0.18648781
2018-07-10 00:35:26,3.30360744,6666.1,22022.1775558,3.30360744
2018-07-10 01:43:49,6.025,6674.71876814,40215.180578,6.025
2018-07-10 02:21:28,-88.35428813,6649.0,-587467.661776,-88.35428813
2018-07-10 02:40:32,-5.0,6650.3,-33251.5,-5.0
2018-07-10 03:35:39,-0.5876,6644.2,-3904.13192,-0.5876
2018-07-10 04:15:53,-0.33661892,6648.8,-2238.1118753,-0.33661892
2018-07-10 05:32:06,-15.0,6645.0,-99675.0,-15.0
2018-07-10 06:01:55,-41.542743,6607.0,-274472.903001,-41.542743
2018-07-10 06:09:00,-12.6446949,6575.0,-83138.8689675,-12.6446949
2018-07-10 06:14:40,-12.58600257,6591.4,-82959.3773399,-12.58600257
2018-07-10 06:27:46,0.26184144,6586.0,1724.48772384,0.26184144
2018-07-10 06:39:19,-0.5,6590.9,-3295.45,-0.5
2018-07-10 07:34:16,-0.318,6597.0,-2097.846,-0.318
2018-07-10 08:47:07,-4.198684,6589.0,-27665.128876,-4.198684
2018-07-10 09:10:54,-50.0,6578.8,-328940.0,-50.0
2018-07-10 09:20:52,-12.09,6540.0,-79068.6,-12.09
2018-07-10 09:28:17,7.075,6545.6,46310.12,7.075
2018-07-10 09:40:07,7.63,6462.4,49308.112,7.63
2018-07-10 09:41:42,-0.3893908,6454.1,-2513.16716228,-0.3893908
2018-07-10 09:45:38,5.73191533,6446.1,36948.4994087,5.73191533
2018-07-10 09:52:26,3.712167,6467.0,24006.583989,3.712167
2018-07-10 10:11:05,-44.94018686,6432.0,-289055.281884,-44.94018686
2018-07-10 10:17:26,-12.0,6440.5,-77286.0,-12.0
2018-07-10 10:43:59,0.20687557,6472.9,1339.08487705,0.20687557
2018-07-10 11:11:41,-5.0,6450.0,-32250.0,-5.0
2018-07-10 11:35:56,-14.52498106,6440.0,-93540.8780264,-14.52498106
2018-07-10 11:37:09,-0.48586886,6359.0,-3089.64008074,-0.48586886
2018-07-10 11:40:09,-5.0,6333.0,-31665.0,-5.0
2018-07-10 11:41:51,0.0338,6349.5,214.6131,0.0338
2018-07-10 12:04:07,-0.19402193,6364.2,-1234.79436691,-0.19402193
2018-07-10 12:16:22,-0.934859,6336.4,-5923.6405676,-0.934859
2018-07-10 12:43:22,12.0,6367.1,76405.2,12.0
2018-07-10 13:09:39,25.42258609,6386.2,162353.719288,25.42258609
2018-07-10 13:15:19,-11.0,6345.8,-69803.8,-11.0
2018-07-10 13:32:24,-13.2,6390.0,-84348.0,-13.2
2018-07-10 14:05:15,-0.03914267,6371.5,-249.397521905,-0.03914267
2018-07-10 14:38:53,2.359,6355.4,14992.3886,2.359
2018-07-10 15:17:14,-27.69620662,6381.0,-176729.494442,-27.69620662
2018-07-10 16:06:48,-4.546811,6380.0,-29008.65418,-4.546811
2018-07-10 16:47:07,-4.0,6367.9,-25471.6,-4.0
2018-07-10 16:57:15,10.1456,6345.2,64375.86112,10.1456
2018-07-10 17:50:05,0.03,6371.7,191.151,0.03
2018-07-10 19:24:35,-3.23116376,6370.9,-20585.4211986,-3.23116376
2018-07-10 20:15:25,-24.58334601,6386.0,-156989.24762,-24.58334601
2018-07-10 21:22:58,9.6,6406.7,61504.32,9.6
2018-07-10 22:34:57,-1.96962261,6378.9,-12564.0256669,-1.96962261
2018-07-10 23:18:47,-13.56535562,6315.0,-85665.2207403,-13.56535562
2018-07-10 23:22:54,-0.24711225,6282.9,-1552.58155552,-0.24711225
2018-07-10 23:27:59,0.4,6307.5,2523.0,0.4
2018-07-10 23:32:48,-0.76549849,6280.9,-4808.01946584,-0.76549849
2018-07-11 00:09:59,-7.5,6325.1,-47438.25,-7.5
2018-07-11 00:14:50,0.89761,6365.8,5714.005738,0.89761
2018-07-11 00:24:57,-0.229,6368.8,-1458.4552,-0.229
2018-07-11 00:53:33,-0.91,6381.5,-5807.165,-0.91
2018-07-11 02:51:47,-2.5,6365.4,-15913.5,-2.5
2018-07-11 04:18:21,23.72371765,6344.0,150503.264772,23.72371765
2018-07-11 05:05:49,0.59850883,6350.0,3800.5310705,0.59850883
2018-07-11 05:50:40,8.81496987,6291.8,55462.0274281,8.81496987
2018-07-11 06:24:32,0.53327674,6322.3,3371.5355333,0.53327674
2018-07-11 06:37:45,1.0,6320.0,6320.0,1.0
2018-07-11 07:12:32,2.78094289,6352.1,17664.8273316,2.78094289
2018-07-11 07:24:47,9.8223408,6334.4,62218.6355635,9.8223408
2018-07-11 08:22:58,1.4,6363.7,8909.18,1.4
2018-07-11 09:17:34,-50.0,6350.6,-317530.0,-50.0
2018-07-11 09:43:11,-4.79303618,6341.5,-30395.0389355,-4.79303618
2018-07-11 10:22:27,-25.65578469,6337.0,-162580.707581,-25.65578469
2018-07-11 10:41:39,-0.26288508,6337.3,-1665.98161748,-0.26288508
2018-07-11 11:18:59,5.3,6366.8,33744.04,5.3
2018-07-11 11:44:21,5.0,6394.1,31970.5,5.0
2018-07-11 12:09:55,4.5,6355.4,28599.3,4.5
2018-07-11 13:12:50,18.90768221,6381.1,120651.81095,18.90768221
2018-07-11 13:18:31,-1.02485437,6389.0,-6547.79456993,-1.02485437
2018-07-11 13:49:58,15.47023043,6375.2,98625.8130373,15.47023043
2018-07-11 14:13:05,-125.93898,6350.0,-799712.523,-125.93898
2018-07-11 14:56:24,0.2,6371.57815738,1274.31563148,0.2
2018-07-11 16:09:17,-1.09701567,6350.0,-6966.0495045,-1.09701567
2018-07-11 17:21:44,-4.75760318,6361.7,-30266.4441502,-4.75760318
2018-07-11 19:19:30,-1.5,6332.6862162,-9499.0293243,-1.5
2018-07-11 19:50:07,1.0,6325.1,6325.1,1.0
2018-07-11 20:59:05,0.47016124,6356.0,2988.34484144,0.47016124
2018-07-11 23:31:55,-1.88126208,6364.3,-11972.9162557,-1.88126208
2018-07-12 01:36:33,-3.34089056,6353.9,-21227.6845292,-3.34089056
2018-07-12 02:07:59,3.0,6337.0,19011.0,3.0
2018-07-12 02:47:01,4.1137312,6318.0,25990.5537216,4.1137312
2018-07-12 04:53:45,0.57013462,6327.0,3607.24174074,0.57013462
2018-07-12 06:16:52,-4.26913259,6275.3,-26790.087742,-4.26913259
2018-07-12 06:29:43,-1.35261467,6214.5,-8405.82386671,-1.35261467
2018-07-12 06:30:46,0.5,6209.8,3104.9,0.5
2018-07-12 06:34:54,2.7024531,6209.8,16781.6932604,2.7024531
2018-07-12 06:40:58,-1.0,6223.3,-6223.3,-1.0
2018-07-12 06:48:45,19.5626543,6202.0,121327.581969,19.5626543
2018-07-12 07:14:19,0.25,6195.5,1548.875,0.25
2018-07-12 07:22:29,-4.0,6152.2,-24608.8,-4.0
2018-07-12 07:35:44,2.0,6189.0,12378.0,2.0
2018-07-12 07:48:31,5.67031186,6172.5,34999.9999558,5.67031186
2018-07-12 08:04:48,19.90683443,6180.6,123036.180878,19.90683443
2018-07-12 08:15:21,10.3,6180.4,63658.12,10.3
2018-07-12 08:18:08,-4.06363097,6165.0,-25052.2849301,-4.06363097
2018-07-12 08:31:37,-0.986,6176.6,-6090.1276,-0.986
2018-07-12 08:55:33,0.507925,6190.1,3144.1065425,0.507925
2018-07-12 09:18:32,-2.36856796,6198.0,-14680.3842161,-2.36856796
2018-07-12 09:28:37,-100.55108853,6194.9,-622903.938334,-100.55108853
2018-07-12 09:57:12,17.44734876,6188.4,107971.173066,17.44734876
2018-07-12 10:10:34,48.98485,6153.1814058,301412.668186,48.98485
2018-07-12 10:41:33,3.989,6175.0,24632.075,3.989
2018-07-12 11:38:54,-18.39085749,6132.6,-112783.772643,-18.39085749
2018-07-12 11:55:42,61.02372055,6156.3,375680.330822,61.02372055
2018-07-12 12:23:45,28.0,6187.2,173241.6,28.0
2018-07-12 13:38:33,-10.0,6169.2,-61692.0,-10.0
2018-07-12 14:13:43,6.66943169,6196.6,41327.8004103,6.66943169
2018-07-12 15:17:34,-1.90562234,6162.4,-11743.207108,-1.90562234
2018-07-12 16:37:09,10.10910245,6182.2,62496.4931664,10.10910245
2018-07-12 16:41:30,25.81536659,6199.9,160052.691321,25.81536659
2018-07-12 17:10:15,2.0,6184.3,12368.6,2.0
2018-07-12 19:11:14,0.81594773,6168.4,5033.09197773,0.81594773
2018-07-12 21:00:08,-4.81415322,6170.0,-29703.3253674,-4.81415322
2018-07-12 22:37:33,-0.69816705,6148.9,-4292.95937374,-0.69816705
2018-07-12 22:47:49,0.4,6161.6,2464.64,0.4
2018-07-12 23:20:36,2.0,6125.0,12250.0,2.0
2018-07-12 23:38:50,1.0,6103.7,6103.7,1.0
2018-07-12 23:49:55,7.26903107,6181.0,44929.8810437,7.26903107
2018-07-12 23:51:05,0.57,6262.9,3569.853,0.57
2018-07-12 23:51:53,-0.4,6243.7,-2497.48,-0.4
2018-07-12 23:56:52,-10.1443,6233.4,-63233.47962,-10.1443
2018-07-13 00:08:38,0.64263,6224.5,4000.050435,0.64263
2018-07-13 00:23:09,-5.73096735,6247.6,-35804.7916159,-5.73096735
2018-07-13 01:33:27,3.0,6241.0,18723.0,3.0
2018-07-13 03:22:48,1.86945926,6246.4,11677.3903217,1.86945926
2018-07-13 04:02:53,13.0,6269.8,81507.4,13.0
2018-07-13 05:14:29,14.84755945,6254.5,92864.06058,14.84755945
2018-07-13 06:41:42,0.67847166,6230.91833364,4227.50150515,0.67847166
2018-07-13 07:59:29,10.66634794,6251.2,66677.4742425,10.66634794
2018-07-13 09:18:19,0.73297213,6245.7,4577.92403234,0.73297213
2018-07-13 11:32:07,11.62448359,6242.9,72570.488604,11.62448359
2018-07-13 12:58:23,3.0,6274.2,18822.6,3.0
2018-07-13 13:12:43,8.40480381,6262.6,52635.9243405,8.40480381
2018-07-13 14:02:34,0.23,6241.9,1435.637,0.23
2018-07-13 15:26:38,2.0,6257.6,12515.2,2.0
2018-07-13 15:54:13,-7.713,6265.0,-48321.945,-7.713
2018-07-13 17:04:15,-1.6,6256.83737457,-10010.9397993,-1.6
2018-07-13 18:10:09,-7.842691,6275.0,-49212.886025,-7.842691
2018-07-13 18:21:20,23.35373241,6320.0,147595.588831,23.35373241
2018-07-13 18:24:35,10.6,6328.1,67077.86,10.6
2018-07-13 18:35:59,-11.70518093,6275.0,-73450.0103357,-11.70518093
2018-07-13 18:46:38,-9.0,6240.0,-56160.0,-9.0
2018-07-13 18:57:53,1.0,6237.3,6237.3,1.0
2018-07-13 19:13:33,-25.22225754,6180.1,-155876.073823,-25.22225754
2018-07-13 19:32:52,-4.27956679,6184.7,-26467.8367261,-4.27956679
2018-07-13 19:40:59,65.97838853,6179.0,407680.462727,65.97838853
2018-07-13 19:48:34,-3.923,6184.4,-24261.4012,-3.923
2018-07-13 19:52:48,91.92257275,6185.0,568541.112459,91.92257275
2018-07-13 20:05:00,4.0,6140.7,24562.8,4.0
2018-07-13 20:09:48,2.55541,6173.9,15776.845799,2.55541
2018-07-13 20:18:04,-1.77299566,6204.5,-11000.5515725,-1.77299566
2018-07-13 20:24:45,0.26,6189.4,1609.244,0.26
2018-07-13 20:34:14,2.99750539,6175.0,18509.5957833,2.99750539
2018-07-13 20:55:29,0.5445,6179.8,3364.9011,0.5445
2018-07-13 21:38:51,-10.0,6185.8,-61858.0,-10.0
2018-07-13 21:49:11,0.32648831,6219.8,2030.69199054,0.32648831
2018-07-13 22:07:49,42.92569724,6219.5,266976.373984,42.92569724
2018-07-13 23:54:46,4.24,6222.9,26385.096,4.24
2018-07-14 00:25:30,2.5,6250.1,15625.25,2.5
2018-07-14 01:30:35,-10.0,6268.1,-62681.0,-10.0
2018-07-14 03:20:59,-9.0,6213.2,-55918.8,-9.0
2018-07-14 05:13:36,0.7591279,6220.0,4721.775538,0.7591279
2018-07-14 08:36:32,8.0,6208.4,49667.2,8.0
2018-07-14 09:25:13,4.52224497,6190.0,27992.6963643,4.52224497
2018-07-14 10:56:48,-6.1163762,6217.8,-38030.4039364,-6.1163762
2018-07-14 12:41:06,2.5,6241.5,15603.75,2.5
2018-07-14 14:32:35,-0.2289,6245.6,-1429.61784,-0.2289
2018-07-14 16:14:08,7.99,6269.5,50093.305,7.99
2018-07-14 17:18:24,-2.17036494,6264.1,-13595.3830207,-2.17036494
2018-07-14 18:09:03,-4.64073623,6289.0,-29185.5901505,-4.64073623
2018-07-14 19:09:24,-10.75643629,6206.8,-66763.0487648,-10.75643629
2018-07-14 20:25:04,10.0,6272.7,62727.0,10.0
2018-07-14 20:42:45,-6.3197,6256.7,-39540.46699,-6.3197
2018-07-14 20:54:57,0.4,6264.9,2505.96,0.4
2018-07-14 23:37:04,-2.40742301,6260.7,-15072.1532387,-2.40742301
2018-07-15 04:10:56,0.20086871,6261.3,1257.69925392,0.20086871
2018-07-15 06:41:56,-18.31911576,6280.8,-115058.702265,-18.31911576
2018-07-15 08:18:44,-0.099,6288.6,-622.5714,-0.099
2018-07-15 08:52:49,4.4,6384.7,28092.68,4.4
2018-07-15 08:55:39,14.84021883,6320.1,93791.6670275,14.84021883
2018-07-15 09:08:36,2.328,6326.5,14728.092,2.328
2018-07-15 10:23:13,-4.3819,6325.0,-27715.5175,-4.3819
2018-07-15 10:49:36,-5.63280611,6369.0,-35875.3421146,-5.63280611
2018-07-15 11:05:50,3.41376859,6348.9,21673.6754011,3.41376859
2018-07-15 12:07:45,-2.736058,6346.0,-17363.024068,-2.736058
2018-07-15 12:55:51,-1.0,6333.9,-6333.9,-1.0
2018-07-15 13:51:14,0.21925865,6352.0,1392.7309448,0.21925865
2018-07-15 15:26:25,0.22023869,6363.0,1401.37878447,0.22023869
2018-07-15 16:02:50,3.02204604,6377.6,19273.4008247,3.02204604
2018-07-15 17:07:52,0.26290914,6377.6,1676.72933126,0.26290914
2018-07-15 17:52:05,2.123,6361.3,13505.0399,2.123
2018-07-15 19:29:43,-2.985,6358.8,-18981.018,-2.985
2018-07-15 21:43:08,-2.41,6379.9,-15375.559,-2.41
2018-07-15 22:49:10,11.0001,6358.0,69938.6358,11.0001
2018-07-16 00:20:35,-27.27670841,6369.3,-173733.538876,-27.27670841
2018-07-16 02:24:10,-4.98,6339.7,-31571.706,-4.98
2018-07-16 05:00:54,-8.0,6349.9,-50799.2,-8.0
2018-07-16 06:57:35,2.100324,6371.6,13382.4243984,2.100324
2018-07-16 08:13:28,4.72444664,6350.0,30000.236164,4.72444664
2018-07-16 08:52:57,1.8,6385.0,11493.0,1.8
2018-07-16 08:55:46,-1.98130053,6378.0,-12636.7347803,-1.98130053
2018-07-16 09:20:49,4.5,6432.5,28946.25,4.5
2018-07-16 09:21:55,1.75762016,6458.0,11350.7109933,1.75762016
2018-07-16 09:22:30,3.76769714,6464.1,24354.7710827,3.76769714
2018-07-16 09:25:43,0.92637173,6464.9,5988.90059728,0.92637173
2018-07-16 09:29:55,1.83973419,6513.7,11983.4765934,1.83973419
2018-07-16 09:30:27,3.0,6490.5,19471.5,3.0
2018-07-16 09:36:33,-5.16709846,6500.9,-33590.7903786,-5.16709846
2018-07-16 09:41:27,14.573,6520.0,95015.96,14.573
2018-07-16 09:42:54,-2.0,6522.7,-13045.4,-2.0
2018-07-16 09:46:40,4.32933959,6501.5,28147.2013444,4.32933959
2018-07-16 09:59:35,0.11690733,6513.6,761.487584688,0.11690733
2018-07-16 10:02:43,-1.4,6517.1,-9123.94,-1.4
2018-07-16 10:19:03,58.0,6536.0,379088.0,58.0
2018-07-16 10:20:45,0.396058,6561.65152118,2598.79457818,0.396058
2018-07-16 10:33:21,-7.772,6529.7,-50748.8284,-7.772
2018-07-16 10:44:39,-3.0,6527.6,-19582.8,-3.0
2018-07-16 11:10:05,0.45191782,6538.0,2954.63870716,0.45191782
2018-07-16 11:12:35,1.19716571,6589.9,7889.20231233,1.19716571
2018-07-16 11:24:02,1.21788309,6586.3,8021.34339567,1.21788309
2018-07-16 11:24:12,-5.09907298,6600.0,-33653.881668,-5.09907298
2018-07-16 11:27:57,0.21267926,6601.0,1403.89579526,0.21267926
2018-07-16 11:33:04,0.61604134,6634.1,4086.87985369,0.61604134
2018-07-16 11:34:03,-2.74745986,6650.0,-18270.608069,-2.74745986
2018-07-16 11:37:18,-0.0901,6642.7,-598.50727,-0.0901
2018-07-16 11:55:09,0.9,6629.3,5966.37,0.9
2018-07-16 12:10:28,-6.0,6601.0,-39606.0,-6.0
2018-07-16 12:31:52,-2.5,6625.0,-16562.5,-2.5
2018-07-16 12:47:32,-8.61642369,6605.1,-56912.3401148,-8.61642369
2018-07-16 13:20:52,4.87448586,6617.2,32255.4478328,4.87448586
2018-07-16 13:42:29,-1.754412,6595.3,-11570.8734636,-1.754412
2018-07-16 13:47:25,-30.0,6580.0,-197400.0,-30.0
2018-07-16 14:12:06,-0.78779886,6607.3,-5205.22340768,-0.78779886
2018-07-16 14:43:39,-100.0,6627.0,-662700.0,-100.0
2018-07-16 15:22:11,12.48243273,6643.0,82920.8006254,12.48243273
2018-07-16 15:50:26,-1.53694697,6628.5,-10187.6529906,-1.53694697
2018-07-16 16:20:47,-70.38259451,6640.0,-467340.427546,-70.38259451
2018-07-16 17:36:22,-0.32939261,6700.0,-2206.930487,-0.32939261
2018-07-16 17:36:53,6.13971083,6697.4,41120.0993128,6.13971083
2018-07-16 17:37:57,10.3245253,6688.6,69056.6199216,10.3245253
2018-07-16 17:56:37,-2.5,6673.6,-16684.0,-2.5
2018-07-16 18:18:16,-0.3,6681.2,-2004.36,-0.3
2018-07-16 18:56:37,-0.22909084,6671.1,-1528.28790272,-0.22909084
2018-07-16 19:38:29,-123.19520806,6650.0,-819248.133599,-123.19520806
2018-07-16 20:24:25,2.34617804,6670.5,15650.1806158,2.34617804
2018-07-16 22:00:08,0.2,6677.0573616,1335.41147232,0.2
2018-07-16 22:35:34,0.30488687,6671.3,2033.99177583,0.30488687
2018-07-16 23:03:06,3.4303807,6682.0,22921.8038374,3.4303807
2018-07-16 23:26:27,-6.14651185,6700.0,-41181.629395,-6.14651185
2018-07-16 23:41:51,-2.66207542,6713.0,-17870.5122945,-2.66207542
2018-07-16 23:55:34,27.30458224,6749.0,184278.625538,27.30458224
2018-07-17 00:00:11,-7.5,6709.4,-50320.5,-7.5
2018-07-17 00:02:04,2.949,6743.7,19887.1713,2.949
2018-07-17 00:02:23,10.0,6765.1,67651.0,10.0
2018-07-17 00:26:58,3.21600709,6710.0,21579.4075739,3.21600709
2018-07-17 01:11:46,-0.05,6726.3269652,-336.31634826,-0.05
2018-07-17 02:28:17,-8.854,6721.6,-59513.0464,-8.854
2018-07-17 03:56:47,1.38621664,6744.1,9348.78364182,1.38621664
2018-07-17 04:37:20,0.4566951,6718.8,3068.44303788,0.4566951
2018-07-17 05:10:56,-7.713,6701.81700177,-51691.1145347,-7.713
2018-07-17 05:19:55,16.40497988,6709.0,110061.010015,16.40497988
2018-07-17 06:03:21,-0.51,6688.6,-3411.186,-0.51
2018-07-17 06:50:57,-0.15691373,6675.0,-1047.39914775,-0.15691373
2018-07-17 08:02:27,2.5,6707.7,16769.25,2.5
2018-07-17 08:46:22,-130.16739015,6730.0,-876026.535709,-130.16739015
2018-07-17 09:11:17,2.836848,6700.5,19008.300024,2.836848
2018-07-17 10:28:26,-12.88451373,6702.1,-86353.2994698,-12.88451373
2018-07-17 11:43:54,-8.76084803,6707.3,-58761.6359916,-8.76084803
2018-07-17 12:02:13,2.1531,6688.0,14399.9328,2.1531
2018-07-17 12:11:26,-10.0,6666.0,-66660.0,-10.0
2018-07-17 12:33:34,283.70053395,6690.0,1897956.57213,283.70053395
2018-07-17 12:55:14,39.0,6702.3,261389.7,39.0
2018-07-17 14:06:15,4.5570316,6697.0,30518.4406252,4.5570316
2018-07-17 14:25:57,10.38275147,6725.1,69825.0419109,10.38275147
2018-07-17 15:24:09,2.23572241,6734.0,15055.3547089,2.23572241
2018-07-17 15:36:53,-5.31498001,6758.1,-35919.1664056,-5.31498001
2018-07-17 15:55:15,0.54099702,6765.0,3659.8448403,0.54099702
2018-07-17 15:59:32,4.8,6795.9,32620.32,4.8
2018-07-17 16:05:40,-1.0,6751.4,-6751.4,-1.0
2018-07-17 16:53:57,13.8236807,6762.4,93481.2583657,13.8236807
2018-07-17 17:24:03,11.0,6787.3,74660.3,11.0
2018-07-17 17:38:03,-14.461,6882.0,-99520.602,-14.461
2018-07-17 17:39:08,9.69297004,6963.2,67494.0889825,9.69297004
2018-07-17 17:40:03,0.12510001,6999.8,875.675049998,0.12510001
2018-07-17 17:41:53,7.35225634,7100.0,52201.020014,7.35225634
2018-07-17 17:42:45,-11.09422741,7108.0,-78857.7684303,-11.09422741
2018-07-17 17:43:46,142.27947618,7149.0,1017155.97521,142.27947618
2018-07-17 17:44:57,-4.56463539,7217.5,-32945.2559273,-4.56463539
2018-07-17 17:45:53,-6.94705839,7229.8,-50225.842748,-6.94705839
2018-07-17 17:46:47,-143.81042062,7110.0,-1022492.09061,-143.81042062
2018-07-17 17:48:18,-0.25052613,7170.2,-1796.32245733,-0.25052613
2018-07-17 17:49:21,-10.0,7150.0,-71500.0,-10.0
2018-07-17 17:50:49,7.17949812,7171.7,51489.2066672,7.17949812
2018-07-17 17:52:33,3.0,7195.0,21585.0,3.0
2018-07-17 17:54:30,0.5,7220.0,3610.0,0.5
2018-07-17 17:56:44,0.5,7188.6,3594.3,0.5
2018-07-17 18:00:20,0.2,7189.4,1437.88,0.2
2018-07-17 18:02:29,3.0,7243.0,21729.0,3.0
2018-07-17 18:03:32,0.27428749,7304.4,2003.50554196,0.27428749
2018-07-17 18:04:51,-0.01,7377.0,-73.77,-0.01
2018-07-17 18:05:52,2.49999999,7397.6,18493.999926,2.49999999
2018-07-17 18:06:46,-0.67601368,7374.4,-4985.19528179,-0.67601368
2018-07-17 18:07:44,-1.0,7345.5,-7345.5,-1.0
2018-07-17 18:08:56,5.1398,7360.2,37829.95596,5.1398
2018-07-17 18:12:01,1.38269692,7352.8,10166.6939134,1.38269692
2018-07-17 18:14:32,25.0,7399.0,184975.0,25.0
2018-07-17 18:17:37,2.031,7386.6,15002.1846,2.031
2018-07-17 18:21:37,0.5,7424.5,3712.25,0.5
2018-07-17 18:22:17,-6.22638591,7459.6,-46446.3483342,-6.22638591
2018-07-17 18:23:39,26.5,7408.1,196314.65,26.5
2018-07-17 18:25:47,-0.52745552,7402.8,-3904.64772346,-0.52745552
2018-07-17 18:29:12,-2.99991897,7390.0,-22169.4011883,-2.99991897
2018-07-17 18:31:08,3.0,7379.1,22137.3,3.0
2018-07-17 18:32:22,-7.59043653,7380.0,-56017.4215914,-7.59043653
2018-07-17 18:34:12,-11.50648,7340.0,-84457.5632,-11.50648
2018-07-17 18:34:56,1.1,7348.0,8082.8,1.1
2018-07-17 18:36:52,0.34761609,7332.5,2548.89497992,0.34761609
2018-07-17 18:39:21,1.0,7351.7,7351.7,1.0
2018-07-17 18:45:44,-2.04306056,7350.0,-15016.495116,-2.04306056
2018-07-17 18:56:44,-1.73196769,7335.9,-12705.5417771,-1.73196769
2018-07-17 19:00:28,0.10989,7349.0,807.58161,0.10989
2018-07-17 19:10:18,0.1,7349.8,734.98,0.1
2018-07-17 19:30:53,-3.0,7343.3,-22029.9,-3.0
2018-07-17 19:41:59,4.0,7317.5,29270.0,4.0
2018-07-17 19:59:31,-0.67338956,7309.6,-4922.20832778,-0.67338956
2018-07-17 20:26:42,-10.0,7317.7,-73177.0,-10.0
2018-07-17 20:51:53,35.0,7319.7,256189.5,35.0
2018-07-17 21:10:38,2.42498344,7324.0,17760.5787146,2.42498344
2018-07-17 21:23:52,-0.20413028,7350.0,-1500.357558,-0.20413028
2018-07-17 21:39:32,18.25895518,7363.0,134440.68699,18.25895518
2018-07-17 21:47:55,0.29181709,7379.2,2153.37667053,0.29181709
2018-07-17 22:10:57,-2.0,7372.7,-14745.4,-2.0
2018-07-17 22:40:58,-99.5219732,7358.8,-732362.296384,-99.5219732
2018-07-17 22:43:24,-161.26308889,7345.0,-1184477.3879,-161.26308889
2018-07-17 22:49:06,0.8,7281.1,5824.88,0.8
2018-07-17 22:55:33,2.4861716,7319.8,18198.2788777,2.4861716
2018-07-17 23:20:30,-15.93386409,7321.7,-116662.972708,-15.93386409
2018-07-17 23:52:59,-1.04262735,7325.0,-7637.24533875,-1.04262735
2018-07-18 00:37:59,10.0,7360.0,73600.0,10.0
2018-07-18 01:25:22,5.17410254,7326.4,37907.5448491,5.17410254
2018-07-18 02:04:22,-0.29248185,7350.0,-2149.7415975,-0.29248185
2018-07-18 02:31:53,1.99707928,7374.1,14726.6623186,1.99707928
2018-07-18 02:51:47,5.94464879,7400.0,43990.401046,5.94464879
2018-07-18 02:53:15,-1.04700553,7405.1,-7753.1806502,-1.04700553
2018-07-18 03:03:49,5.90914257,7448.0,44011.2938614,5.90914257
2018-07-18 03:05:52,1.780141,7486.2,13326.4915542,1.780141
2018-07-18 03:07:03,3.0,7495.8,22487.4,3.0
2018-07-18 03:10:14,0.9728,7540.0,7334.912,0.9728
2018-07-18 03:12:08,-9.08170341,7514.9,-68248.0929558,-9.08170341
2018-07-18 03:24:56,-1.85297663,7509.8,-13915.483896,-1.85297663
2018-07-18 03:39:17,-4.0,7472.0,-29888.0,-4.0
2018-07-18 04:08:38,-3.0,7454.0,-22362.0,-3.0
2018-07-18 04:40:01,2.0,7425.1,14850.2,2.0
2018-07-18 05:10:06,-1.547455,7420.1,-11482.2708455,-1.547455
2018-07-18 05:45:08,6.27199,7450.0,46726.3255,6.27199
2018-07-18 06:03:57,-2.23479216,7465.0,-16682.7234744,-2.23479216
2018-07-18 06:17:12,0.16091401,7457.4,1200.00013817,0.16091401
2018-07-18 07:07:36,-0.16678051,7444.7,-1241.6308628,-0.16678051
2018-07-18 07:31:56,-0.86750916,7431.7,-6447.06782437,-0.86750916
2018-07-18 07:59:23,-1.5339254,7435.9,-11406.1158819,-1.5339254
2018-07-18 08:14:32,-5.76111529,7344.3,-42311.3590243,-5.76111529
2018-07-18 08:25:31,-19.66121852,7348.1,-144472.599807,-19.66121852
2018-07-18 08:31:29,0.61618879,7353.6,4531.20588614,0.61618879
2018-07-18 08:52:09,-0.4,7360.0,-2944.0,-0.4
2018-07-18 09:14:20,-0.9066263,7381.8,-6692.53402134,-0.9066263
2018-07-18 09:55:06,1.9142,7388.0,14142.1096,1.9142
2018-07-18 10:00:32,-41.1,7393.9,-303889.29,-41.1
2018-07-18 10:08:58,-0.13454148,7409.9,-996.938912652,-0.13454148
2018-07-18 10:58:35,-0.8,7403.5,-5922.8,-0.8
2018-07-18 11:22:05,-0.8,7404.5,-5923.6,-0.8
2018-07-18 11:46:55,-5.95442746,7425.0,-44211.6238905,-5.95442746
2018-07-18 12:10:10,0.6735,7435.0,5007.4725,0.6735
2018-07-18 12:21:55,-7.63176618,7450.0,-56856.658041,-7.63176618
2018-07-18 12:34:57,-15.76535763,7460.0,-117609.56792,-15.76535763
2018-07-18 12:55:10,-4.01204403,7451.0,-29893.7400675,-4.01204403
2018-07-18 13:19:11,3.0,7439.5,22318.5,3.0
2018-07-18 13:28:15,17.44279186,7425.1,129514.47384,17.44279186
2018-07-18 13:41:05,-18.27982608,7406.8,-135395.015809,-18.27982608
2018-07-18 13:48:31,-7.772,7434.0,-57777.048,-7.772
2018-07-18 14:10:41,0.2,7459.0,1491.8,0.2
2018-07-18 14:13:28,169.29910592,7474.0,1265341.51765,169.29910592
2018-07-18 14:16:37,1.13,7478.8,8451.044,1.13
2018-07-18 14:20:26,3.58048755,7520.3,26926.3405223,3.58048755
2018-07-18 14:26:01,2.88726988,7436.5,21471.1824626,2.88726988
2018-07-18 14:42:06,-1.00849726,7455.1,-7518.44792303,-1.00849726
2018-07-18 15:02:43,4.56849725,7420.5,33900.5338436,4.56849725
2018-07-18 15:21:05,2.0,7400.1,14800.2,2.0
2018-07-18 15:27:31,-0.2,7408.8,-1481.76,-0.2
2018-07-18 15:58:27,0.94146925,7420.0,6985.701835,0.94146925
2018-07-18 16:33:57,-1.3,7439.2,-9670.96,-1.3
2018-07-18 17:33:58,0.07955838,7458.0,593.34639804,0.07955838
2018-07-18 17:54:59,10.9181,7476.0,81623.7156,10.9181
2018-07-18 18:04:47,-0.8,7538.6,-6030.88,-0.8
2018-07-18 18:08:42,18.93866366,7584.3,143636.506797,18.93866366
2018-07-18 18:10:38,-0.13,7558.1,-982.553,-0.13
2018-07-18 18:11:52,-1.24206752,7541.3,-9366.80378858,-1.24206752
2018-07-18 18:16:12,0.26194681,7525.1,1971.17593993,0.26194681
2018-07-18 18:17:41,-52.09482708,7503.0,-390867.487581,-52.09482708
2018-07-18 18:19:56,-3.0,7488.0,-22464.0,-3.0
2018-07-18 18:29:16,-34.85597991,7485.0,-260897.009626,-34.85597991
2018-07-18 18:37:40,1.3376,7460.1,9978.62976,1.3376
2018-07-18 18:47:41,-14.8848938,7430.0,-110594.760934,-14.8848938
2018-07-18 18:48:20,-1.0,7411.4,-7411.4,-1.0
2018-07-18 18:58:22,3.9325,7439.0,29253.8675,3.9325
2018-07-18 19:08:53,-6.18369616,7381.8,-45646.8083139,-6.18369616
2018-07-18 19:12:14,-2.66726,7345.0,-19591.0247,-2.66726
2018-07-18 19:21:34,0.76506636,7408.9,5668.3001546,0.76506636
2018-07-18 19:32:40,-49.64261518,7372.0,-365965.359107,-49.64261518
2018-07-18 19:49:31,-8.0,7382.9,-59063.2,-8.0
2018-07-18 20:03:57,-8.0,7368.9,-58951.2,-8.0
2018-07-18 20:07:34,-22.6,7339.0,-165861.4,-22.6
2018-07-18 20:08:11,-1.92918184,7315.0,-14111.9651596,-1.92918184
2018-07-18 20:10:34,-25.0,7286.0,-182150.0,-25.0
2018-07-18 20:11:57,-30.2125,7300.0,-220551.25,-30.2125
2018-07-18 20:19:32,1.42004449,7304.6,10372.8569817,1.42004449
2018-07-18 20:35:26,0.95,7271.0,6907.45,0.95
2018-07-18 20:39:29,-3.0,7249.9,-21749.7,-3.0
2018-07-18 20:47:09,0.60556516,7302.5,4422.1395809,0.60556516
2018-07-18 20:52:42,8.61644989,7320.2,63074.1364848,8.61644989
2018-07-18 21:11:49,9.38675165,7354.0,69030.1716341,9.38675165
2018-07-18 22:11:47,-6.07,7315.0,-44402.05,-6.07
2018-07-18 22:35:52,8.0,7322.0,58576.0,8.0
2018-07-18 22:42:04,-2.0,7350.4,-14700.8,-2.0
2018-07-18 23:09:27,-1.1,7372.3,-8109.53,-1.1
2018-07-18 23:59:31,0.17488763,7376.2,1290.00613641,0.17488763
2018-07-19 01:10:16,6.53591812,7323.0,47862.5283928,6.53591812
2018-07-19 01:27:04,3.0,7310.7,21932.1,3.0
2018-07-19 03:11:11,1.24014467,7330.7,9091.12853237,1.24014467
2018-07-19 03:57:46,11.52110562,7320.9,84344.8621335,11.52110562
2018-07-19 05:09:57,20.98880955,7339.7,154051.565454,20.98880955
2018-07-19 06:26:28,-2.8441,7355.0,-20918.3555,-2.8441
2018-07-19 06:58:38,-5.07888347,7354.1,-37350.6169267,-5.07888347
2018-07-19 08:04:27,-2.5,7310.0,-18275.0,-2.5
2018-07-19 09:10:12,0.75,7348.0,5511.0,0.75
2018-07-19 09:43:47,4.268499,7406.2,31613.3572938,4.268499
2018-07-19 09:54:58,-3.89190265,7388.0,-28753.3767782,-3.89190265
2018-07-19 10:13:06,-7.61587503,7383.0,-56228.0053465,-7.61587503
2018-07-19 11:47:04,1.62585734,7399.2,12030.0436301,1.62585734
2018-07-19 12:05:58,-55.72959142,7438.5,-414544.565778,-55.72959142
2018-07-19 12:44:20,10.0,7449.0,74490.0,10.0
2018-07-19 13:22:38,6.07,7450.0,45221.5,6.07
2018-07-19 13:30:16,-0.02500055,7481.4,-187.03911477,-0.02500055
2018-07-19 13:45:57,-1.5,7469.9,-11204.85,-1.5
2018-07-19 13:55:23,2.00558124,7500.2,15042.2604162,2.00558124
2018-07-19 14:02:43,-1.34,7451.2448568,-9984.66810811,-1.34
2018-07-19 14:15:34,5.23553458,7458.0,39046.6168976,5.23553458
2018-07-19 14:31:06,0.3655797,7450.1,2723.60532297,0.3655797
2018-07-19 15:00:06,2.0,7460.0,14920.0,2.0
2018-07-19 15:25:16,2.34209604,7465.2,17484.2153578,2.34209604
2018-07-19 15:39:05,-6.7,7408.0,-49633.6,-6.7
2018-07-19 15:50:27,-3.925,7415.0,-29103.875,-3.925
2018-07-19 15:56:56,0.028,7386.2,206.8136,0.028
2018-07-19 16:10:16,0.1539,7401.25965484,1139.05386088,0.1539
2018-07-19 16:42:03,-3.09501824,7394.9,-22887.350383,-3.09501824
2018-07-19 16:51:40,-1.94186385,7372.1,-14315.6144886,-1.94186385
2018-07-19 17:02:36,11.64783496,7388.1,86055.369468,11.64783496
2018-07-19 17:15:10,0.64066732,7409.26504022,4746.87397649,0.64066732
2018-07-19 17:27:14,1.40640063,7424.5,10441.8214774,1.40640063
2018-07-19 17:54:33,-0.07993543,7425.5,-593.560535465,-0.07993543
2018-07-19 18:23:33,-0.81824966,7420.6,-6071.903427,-0.81824966
2018-07-19 19:17:23,-2.015,7428.1,-14967.6215,-2.015
2018-07-19 19:27:54,-0.7289244,7473.1,-5447.32493364,-0.7289244
2018-07-19 19:45:45,-0.60270485,7474.7,-4505.03794229,-0.60270485
2018-07-19 20:36:13,-3.9696645,7459.8,-29612.9032371,-3.9696645
2018-07-19 21:19:48,1.62367953,7457.3,12108.2653591,1.62367953
2018-07-19 22:08:02,-8.0,7444.4,-59555.2,-8.0
2018-07-19 22:19:17,-1.54358375,7470.0,-11530.5706125,-1.54358375
2018-07-19 22:36:39,0.755,7510.1,5670.1255,0.755
2018-07-19 22:39:06,38.3111739,7557.7,289544.358984,38.3111739
2018-07-19 22:46:35,-0.3,7470.6,-2241.18,-0.3
2018-07-19 23:14:15,-25.36552769,7470.0,-189480.491844,-25.36552769
2018-07-19 23:24:38,2.5,7443.9,18609.75,2.5
2018-07-20 00:07:17,-28.66401025,7425.0,-212830.276106,-28.66401025
2018-07-20 00:14:39,-0.40405421,7397.8,-2989.11223474,-0.40405421
2018-07-20 00:32:22,-14.573,7380.0,-107548.74,-14.573
2018-07-20 01:00:14,1.89576172,7402.9,14034.134437,1.89576172
2018-07-20 01:56:40,4.8081616,7448.5,35813.5916776,4.8081616
2018-07-20 02:48:04,0.84,7459.0,6265.56,0.84
2018-07-20 04:04:40,0.27071244,7451.8,2017.29496039,0.27071244
2018-07-20 05:24:36,5.16310286,7449.7,38463.5673761,5.16310286
2018-07-20 06:01:18,-8.7332483,7410.0,-64713.369903,-8.7332483
2018-07-20 06:19:48,-14.08888716,7426.8,-104635.34716,-14.08888716
2018-07-20 06:39:06,3.0,7397.2,22191.6,3.0
2018-07-20 06:50:42,-20.0,7360.2,-147204.0,-20.0
2018-07-20 06:53:06,162.00801702,7365.0,1193189.04535,162.00801702
2018-07-20 07:30:38,9.1903,7391.0,67925.5073,9.1903
2018-07-20 08:00:00,1.07296353,7440.1,7982.95595955,1.07296353
2018-07-20 08:12:45,4.26901918,7467.0,31876.7662171,4.26901918
2018-07-20 08:20:58,0.7081,7490.1,5303.73981,0.7081
2018-07-20 08:57:49,2.0,7455.9,14911.8,2.0
2018-07-20 09:56:11,-2.5,7450.9,-18627.25,-2.5
2018-07-20 11:03:36,2.884,7478.7,21568.5708,2.884
2018-07-20 11:50:06,70.0,7488.1,524167.0,70.0
2018-07-20 11:56:06,-2.15,7499.4,-16123.71,-2.15
2018-07-20 12:02:29,-72.74825263,7488.0,-544738.915693,-72.74825263
2018-07-20 12:29:48,-2.0,7452.2,-14904.4,-2.0
2018-07-20 13:28:56,-2.5,7453.0,-18632.5,-2.5
2018-07-20 14:19:55,-6.2,7480.6,-46379.72,-6.2
2018-07-20 15:11:24,1.33,7497.38258412,9971.51883688,1.33
2018-07-20 15:19:23,0.98326744,7498.3,7372.83424535,0.98326744
2018-07-20 15:28:36,6.76131897,7472.0,50520.5753438,6.76131897
2018-07-20 16:03:01,0.4,7486.9,2994.76,0.4
2018-07-20 16:24:50,10.0,7529.0,75290.0,10.0
2018-07-20 16:38:59,0.5262729,7619.1,4009.72585239,0.5262729
2018-07-20 16:40:00,1.06905141,7670.6,8200.26574555,1.06905141
2018-07-20 16:41:31,-0.5585,7620.3,-4255.93755,-0.5585
2018-07-20 16:42:58,-11.5,7564.7,-86994.05,-11.5
2018-07-20 16:44:24,-11.0,7577.6,-83353.6,-11.0
2018-07-20 16:48:46,-0.34773619,7600.5,-2642.9689121,-0.34773619
2018-07-20 16:53:19,-6.8772949,7580.0,-52129.895342,-6.8772949
2018-07-20 16:58:54,-0.5325344,7489.5,-3988.4163888,-0.5325344
2018-07-20 17:00:10,0.43412162,7471.9,3243.71333248,0.43412162
2018-07-20 17:03:00,-2.996,7406.0,-22188.376,-2.996
2018-07-20 17:03:54,-12.196,7372.82117618,-89918.9270647,-12.196
2018-07-20 17:06:03,-0.47802462,7383.3,-3529.39917685,-0.47802462
2018-07-20 17:14:22,0.4,7394.37268737,2957.74907495,0.4
2018-07-20 17:19:23,62.73764457,7400.0,464258.569818,62.73764457
2018-07-20 17:25:51,-0.26645795,7396.7,-1970.90951877,-0.26645795
2018-07-20 17:35:42,5.0,7391.6,36958.0,5.0
2018-07-20 17:54:30,-2.53948763,7318.4,-18584.9862714,-2.53948763
2018-07-20 17:57:35,9.5821118,7345.0,70380.611171,9.5821118
2018-07-20 18:02:03,-0.48159471,7283.7,-3507.79138923,-0.48159471
2018-07-20 18:04:29,0.33972875,7319.5,2486.64458563,0.33972875
2018-07-20 18:09:25,-13.2,7335.2,-96824.64,-13.2
2018-07-20 18:31:13,0.6831245,7362.4,5029.4358188,0.6831245
2018-07-20 19:02:13,20.0,7355.9,147118.0,20.0
2018-07-20 19:31:41,-0.90673365,7331.1,-6647.35506151,-0.90673365
2018-07-20 19:34:23,1.9976427,7324.18848338,14631.1116572,1.9976427
2018-07-20 20:02:50,-9.97,7323.1,-73011.307,-9.97
2018-07-20 21:33:06,1.65486216,7365.4,12188.7217533,1.65486216
2018-07-20 21:58:43,-9.7,7283.3,-70648.01,-9.7
2018-07-20 22:02:49,9.0,7331.8,65986.2,9.0
2018-07-20 22:03:37,-2.742,7314.9,-20057.4558,-2.742
2018-07-20 22:12:53,2.995,7296.1,21851.8195,2.995
2018-07-20 22:41:53,0.92360042,7360.1,6797.79145124,0.92360042
2018-07-20 23:38:32,-4.11609085,7312.3,-30098.0911225,-4.11609085
2018-07-21 00:27:26,1.0,7315.1,7315.1,1.0
2018-07-21 00:53:30,-8.2,7225.2,-59246.64,-8.2
2018-07-21 01:00:55,-5.80082921,7232.0,-41951.5968467,-5.80082921
2018-07-21 01:21:15,5.0,7243.1,36215.5,5.0
2018-07-21 02:06:28,21.66347024,7270.5,157504.26038,21.66347024
2018-07-21 03:22:38,1.5,7274.9,10912.35,1.5
2018-07-21 04:44:05,-0.5,7273.2,-3636.6,-0.5
2018-07-21 05:06:34,3.80882359,7298.9,27800.2225011,3.80882359
2018-07-21 05:15:59,2.5,7318.8,18297.0,2.5
2018-07-21 06:40:02,-0.24497143,7340.5,-1798.21278191,-0.24497143
2018-07-21 07:51:22,0.30026492,7325.0,2199.440539,0.30026492
2018-07-21 09:00:50,-11.47354116,7311.5,-83888.7961913,-11.47354116
2018-07-21 10:22:15,-23.32493066,7282.0,-169852.145066,-23.32493066
2018-07-21 11:54:01,24.17976595,7332.7,177302.969782,24.17976595
2018-07-21 13:03:59,-3.5313425,7360.0,-25990.6808,-3.5313425
2018-07-21 13:46:28,-2.17508186,7363.0,-16015.1277352,-2.17508186
2018-07-21 15:25:32,0.24,7371.3,1769.112,0.24
2018-07-21 15:52:28,9.76,7414.9,72369.424,9.76
2018-07-21 16:24:01,-6.3237271,7393.1,-46751.946823,-6.3237271
2018-07-21 17:36:11,-1.0,7399.5,-7399.5,-1.0
2018-07-21 18:10:28,0.5364,7435.0,3988.134,0.5364
2018-07-21 19:12:07,9.47571855,7429.2,70397.0082517,9.47571855
2018-07-21 20:17:30,-0.7,7421.5,-5195.05,-0.7
2018-07-21 23:12:19,9.16870987,7431.0,68132.683044,9.16870987
2018-07-22 00:06:46,-1.28183699,7352.3,-9424.45010158,-1.28183699
2018-07-22 00:20:03,0.35913237,7414.02127932,2662.61503327,0.35913237
2018-07-22 01:31:10,0.135857,7427.9,1009.1322103,0.135857
2018-07-22 02:03:16,0.2,7479.37354792,1495.87470958,0.2
2018-07-22 02:44:05,-1.5,7422.9,-11134.35,-1.5
2018-07-22 03:24:24,-9.0,7411.2,-66700.8,-9.0
2018-07-22 03:46:12,-1.37301201,7425.9,-10195.8498851,-1.37301201
2018-07-22 04:02:34,-2.0,7406.8,-14813.6,-2.0
2018-07-22 04:29:16,0.99,7384.0,7310.16,0.99
2018-07-22 05:43:42,-1.60520285,7408.3,-11891.8242737,-1.60520285
2018-07-22 08:10:19,4.38809247,7420.0,32559.6461274,4.38809247
2018-07-22 08:43:38,3.37055955,7445.0,25093.8158497,3.37055955
2018-07-22 10:12:46,-7.05454614,7430.5,-52418.8050933,-7.05454614
2018-07-22 11:49:04,-1.5034,7461.0,-11216.8674,-1.5034
2018-07-22 13:24:30,9.616,7451.9,71657.4704,9.616
2018-07-22 14:06:58,-2.07658321,7457.9,-15486.9499219,-2.07658321
2018-07-22 14:41:20,1.0,7490.05048946,7490.05048946,1.0
2018-07-22 14:48:07,-4.0,7486.5,-29946.0,-4.0
2018-07-22 15:11:54,-2.78565963,7512.9,-20928.3822342,-2.78565963
2018-07-22 15:23:27,-2.46282508,7539.1,-18567.4845606,-2.46282508
2018-07-22 15:35:54,-10.0,7530.0,-75300.0,-10.0
2018-07-22 16:01:32,1.0,7538.1,7538.1,1.0
2018-07-22 16:51:52,-2.78136292,7509.7,-20887.2011203,-2.78136292
2018-07-22 17:20:31,0.2,7486.8,1497.36,0.2
2018-07-22 19:08:56,7.61586325,7525.0,57309.3709563,7.61586325
2018-07-22 21:14:05,5.13572659,7550.0,38774.7357545,5.13572659
2018-07-22 21:20:18,-16.54367176,7491.1,-123930.299521,-16.54367176
2018-07-22 21:21:58,-8.67626027,7417.0,-64351.8224226,-8.67626027
2018-07-22 21:24:35,-15.70599569,7422.8,-116582.464808,-15.70599569
2018-07-22 21:26:50,-0.54808782,7350.0,-4028.445477,-0.54808782
2018-07-22 21:29:35,-2.027,7392.5,-14984.5975,-2.027
2018-07-22 21:38:55,2.25139855,7423.7,16713.7074156,2.25139855
2018-07-22 22:01:28,-2.0,7337.8,-14675.6,-2.0
2018-07-22 22:25:21,3.23074098,7384.3,23856.7606186,3.23074098
2018-07-22 23:10:10,-20.4,7396.4,-150886.56,-20.4
2018-07-23 00:09:36,17.91918251,7399.9,132600.158656,17.91918251
2018-07-23 00:20:38,-0.98,7439.2,-7290.416,-0.98
2018-07-23 00:57:05,24.322925,7449.5,181193.629788,24.322925
2018-07-23 01:11:11,28.75770139,7455.0,214388.663862,28.75770139
2018-07-23 01:39:35,1.14885668,7469.9,8581.84451393,1.14885668
2018-07-23 01:55:40,0.8476,7490.0,6348.524,0.8476
2018-07-23 02:01:17,2.9989,7530.0,22581.717,2.9989
2018-07-23 02:12:50,-0.32,7619.0,-2438.08,-0.32
2018-07-23 02:14:21,-0.6021,7577.1,-4562.17191,-0.6021
2018-07-23 02:19:57,0.39845913,7616.2,3034.74442591,0.39845913
2018-07-23 02:21:41,-21.70318358,7635.7,-165718.998862,-21.70318358
2018-07-23 02:23:09,-1.5,7641.0,-11461.5,-1.5
2018-07-23 02:27:49,3.0,7611.8,22835.4,3.0
2018-07-23 02:33:14,-0.3,7635.1,-2290.53,-0.3
2018-07-23 02:36:33,-0.49024456,7669.9,-3760.12675074,-0.49024456
2018-07-23 02:39:35,26.61171,7645.2,203451.845292,26.61171
2018-07-23 02:42:20,-0.33921697,7658.9,-2598.02885153,-0.33921697
2018-07-23 02:47:47,0.4,7630.2,3052.08,0.4
2018-07-23 03:01:57,-5.0,7639.6,-38198.0,-5.0
2018-07-23 03:18:51,-3.0,7628.0,-22884.0,-3.0
2018-07-23 03:29:14,0.58825836,7647.7,4498.82345977,0.58825836
2018-07-23 03:42:28,0.6162369,7623.1,4697.63551239,0.6162369
2018-07-23 04:04:20,-1.0951,7633.1,-8359.00781,-1.0951
2018-07-23 04:10:38,3.1723445,7683.1,24373.440028,3.1723445
2018-07-23 04:16:18,0.31279,7640.5,2389.871995,0.31279
2018-07-23 04:35:29,36.74531912,7677.4,282108.513012,36.74531912
2018-07-23 04:45:20,70.0,7700.0,539000.0,70.0
2018-07-23 04:46:34,10.522625,7697.0,80992.644625,10.522625
2018-07-23 05:03:13,-2.5,7646.1,-19115.25,-2.5
2018-07-23 05:46:28,0.50024753,7650.2,3826.99365401,0.50024753
2018-07-23 06:21:48,0.09688202,7669.0,742.98821138,0.09688202
2018-07-23 06:28:10,-0.5,7700.9,-3850.45,-0.5
2018-07-23 06:46:18,-0.5,7683.0,-3841.5,-0.5
2018-07-23 06:54:46,5.0,7685.2,38426.0,5.0
2018-07-23 07:06:04,-0.24868877,7658.7,-1904.6326828,-0.24868877
2018-07-23 07:06:05,-9.0,7617.6,-68558.4,-9.0
2018-07-23 07:11:40,0.4,7666.1,3066.44,0.4
2018-07-23 07:17:26,10.0,7685.3,76853.0,10.0
2018-07-23 07:21:17,2.0,7715.80061449,15431.601229,2.0
2018-07-23 07:24:03,15.65725567,7697.0,120513.896892,15.65725567
2018-07-23 07:25:34,1.79154913,7797.2,13969.0668764,1.79154913
2018-07-23 07:26:13,-39.44244515,7780.0,-306862.223267,-39.44244515
2018-07-23 07:27:04,-300.0,7777.0,-2333100.0,-300.0
2018-07-23 07:28:49,0.49969737,7749.4,3872.35479908,0.49969737
2018-07-23 07:37:01,-8.68613935,7750.0,-67317.5799625,-8.68613935
2018-07-23 07:46:33,-0.176,7738.7,-1362.0112,-0.176
2018-07-23 07:57:00,9.083,7759.0,70474.997,9.083
2018-07-23 08:09:36,0.31,7734.1,2397.571,0.31
2018-07-23 08:27:46,0.09532441,7712.8,735.218109448,0.09532441
2018-07-23 08:36:29,-0.33463635,7690.4,-2573.48738604,-0.33463635
2018-07-23 08:51:38,0.27837496,7696.2900213,2142.45442683,0.27837496
2018-07-23 09:10:29,-1.78481898,7705.1,-13752.2087228,-1.78481898
2018-07-23 09:45:13,0.64186051,7705.1756376,4945.64796439,0.64186051
2018-07-23 10:48:48,-1.585766,7684.0,-12185.025944,-1.585766
2018-07-23 11:02:34,-20.76962707,7692.7,-159774.510161,-20.76962707
2018-07-23 11:18:45,-0.05,7700.6,-385.03,-0.05
2018-07-23 11:36:59,-0.02,7686.4,-153.728,-0.02
2018-07-23 11:39:55,-2.579,7654.8,-19741.7292,-2.579
2018-07-23 11:50:30,-1.38363099,7654.7,-10591.2801392,-1.38363099
2018-07-23 12:00:33,-2.968098,7685.9,-22812.5044182,-2.968098
2018-07-23 12:32:31,-0.97,7664.6,-7434.662,-0.97
2018-07-23 12:57:57,0.5,7712.4,3856.2,0.5
2018-07-23 13:24:42,0.155,7715.3,1195.8715,0.155
2018-07-23 14:18:39,-0.5,7707.7,-3853.85,-0.5
2018-07-23 14:56:24,-0.0773,7701.8,-595.34914,-0.0773
2018-07-23 15:31:40,0.91750738,7719.0,7082.23946622,0.91750738
