Date,Time,Open,High,Low,Close,Volume
2018.03.04,13:00,11484,11463,11549,11439,869.20922939
2018.03.04,13:15,11462,11441,11468.9816067,11419.08639899,157.77718473
2018.03.04,13:30,11441,11457.00181673,11470,11431,100.52118619
2018.03.04,13:45,11458,11442,11458,11400,355.72007264
2018.03.04,14:00,11441,11423,11466,11406,413.90355743
2018.03.04,14:15,11424,11416,11458,11411,211.9658975
2018.03.04,14:30,11417,11406,11452,11375,549.31590591
2018.03.04,14:45,11407,11421,11433,11389,241.75620804
2018.03.04,15:00,11422,11441,11471,11421,452.60520975
2018.03.04,15:15,11441,11477,11477,11440,152.29987274
2018.03.04,15:30,11477,11500,11528,11477,387.31863889
2018.03.04,15:45,11499,11500,11544,11495,455.95334991
2018.03.04,16:00,11500,11477,11518,11427,379.62965802
2018.03.04,16:15,11478,11423,11489,11422,182.63550897
2018.03.04,16:30,11424,11452,11456,11418,266.70542273
2018.03.04,16:45,11452,11474,11474,11445,320.00308499
2018.03.04,17:00,11474,11450,11475,11449,143.43884707
2018.03.04,17:15,11450,11461,11465,11424,199.58387996
2018.03.04,17:30,11460,11479,11480,11460,132.57801842
2018.03.04,17:45,11478,11479,11480,11446,328.89307315
2018.03.04,18:00,11480,11484,11485,11466,200.1313117
2018.03.04,18:15,11484,11485,11485,11468,118.10410396
2018.03.04,18:30,11484,11522,11522,11482,780.865762
2018.03.04,18:45,11522,11535,11535,11504,341.41317456
2018.03.04,19:00,11535,11480,11545,11473,401.68358019
2018.03.04,19:15,11480,11517,11539,11479,174.12707254
2018.03.04,19:30,11516,11586,11589,11513,529.98882501
2018.03.04,19:45,11586,11571,11590,11550,215.3636508
2018.03.04,20:00,11571,11595,11600,11557,192.08589988
2018.03.04,20:15,11595,11596,11623,11575,790.27080474
2018.03.04,20:30,11597,11545,11598,11534,533.9526303
2018.03.04,20:45,11546,11517,11555,11516,164.79906104
2018.03.04,21:00,11517,11523,11544,11511,167.23252211
2018.03.04,21:15,11522,11483,11526,11476,286.78264439
2018.03.04,21:30,11484,11503,11518,11475,146.5514386
2018.03.04,21:45,11503,11530,11540,11503,178.73135231
2018.03.04,22:00,11529,11542,11560,11524,196.02384789
2018.03.04,22:15,11543,11548,11560,11531,56.9768654
2018.03.04,22:30,11549,11507,11549,11499,490.02175281
2018.03.04,22:45,11508,11534,11545,11507,140.83189547
2018.03.04,23:00,11534,11519,11535,11509,178.77145947
2018.03.04,23:15,11520,11581,11603,11517,486.35199473
2018.03.04,23:30,11580,11540,11581,11537,182.39973989
2018.03.04,23:45,11540,11518,11550,11501,305.609221
2018.03.05,00:00,11517,11539,11545,11517,177.53486843
2018.03.05,00:15,11539,11527,11546,11521,109.51950675
2018.03.05,00:30,11527,11477,11527,11438,562.68793565
2018.03.05,00:45,11477,11438,11477,11424,266.55481274
2018.03.05,01:00,11439,11455,11467,11425,143.12858701
2018.03.05,01:15,11453,11459,11460,11443,87.75323938
2018.03.05,01:30,11458,11479,11485,11457,128.52055021
2018.03.05,01:45,11478,11457,11480,11451,128.99032716
2018.03.05,02:00,11460,11454,11463,11429,159.03158766
2018.03.05,02:15,11454,11425,11464.46606725,11400,396.04458911
2018.03.05,02:30,11425,11461,11466,11420,130.0591992
2018.03.05,02:45,11462,11494,11501,11461,147.29986329
2018.03.05,03:00,11493,11470,11500,11469,69.41780661
2018.03.05,03:15,11471,11495,11495,11470,72.83508002
2018.03.05,03:30,11495,11522,11538,11471,263.44486077
2018.03.05,03:45,11521,11506,11534,11484,148.57916505
2018.03.05,04:00,11506,11555,11567,11506,397.36719372
2018.03.05,04:15,11554,11546,11580,11543,306.62506325
2018.03.05,04:30,11547,11516,11550,11495,332.13297905
2018.03.05,04:45,11516,11537,11544,11498,314.05436533
2018.03.05,05:00,11536,11511.05867242,11541,11488,327.98210725
2018.03.05,05:15,11511.05867242,11523,11536,11510,123.31312469
2018.03.05,05:30,11522,11516,11527,11499,174.38799859
2018.03.05,05:45,11515,11515,11516,11500,162.30332134
2018.03.05,06:00,11515,11523,11550,11511,165.74773694
2018.03.05,06:15,11523,11488,11544,11464,361.20263496
2018.03.05,06:30,11488,11478,11488.56376331,11442,438.68397366
2018.03.05,06:45,11478,11477,11479,11432,258.45663888
2018.03.05,07:00,11477,11480,11515,11475,289.53233192
2018.03.05,07:15,11480,11466,11480,11464,128.11501347
2018.03.05,07:30,11466,11494,11511,11461,144.30764169
2018.03.05,07:45,11494,11508,11518,11494,168.35098078
2018.03.05,08:00,11508,11506,11530,11496,219.99062924
2018.03.05,08:15,11505,11529,11546,11505,155.59559587
2018.03.05,08:30,11528,11532,11548,11527,140.11800648
2018.03.05,08:45,11531,11519,11532,11505,113.07701226
2018.03.05,09:00,11518,11515,11537,11513,91.57165469
2018.03.05,09:15,11517,11520,11520,11509,62.3472072
2018.03.05,09:30,11520,11509,11520,11475,340.69299771
2018.03.05,09:45,11510,11487,11516.81652503,11486,197.15017304
2018.03.05,10:00,11487,11487,11513,11486,206.78689421
2018.03.05,10:15,11487,11507,11510,11480,144.79095339
2018.03.05,10:30,11507,11577,11585,11507,574.03734079
2018.03.05,10:45,11576,11670,11700,11576,1987.72154555
2018.03.05,11:00,11670,11665,11691,11640,361.47101096
2018.03.05,11:15,11659.85903077,11641,11665,11631,282.17649624
2018.03.05,11:30,11642,11642,11664,11635,280.99025103
2018.03.05,11:45,11642,11648,11649,11634,203.84858391
2018.03.05,12:00,11648,11660,11698,11632,571.27808386
2018.03.05,12:15,11661,11629,11693,11614,472.72659702
2018.03.05,12:30,11629,11609,11662,11531,1267.95342929
2018.03.05,12:45,11610,11604,11630,11580,301.57506932
2018.03.05,13:00,11604,11544,11610,11541,250.84523352
2018.03.05,13:15,11544,11530,11580,11515,329.67634144
2018.03.05,13:30,11539,11579,11595,11531,217.78178002
2018.03.05,13:45,11580,11576,11590,11557,137.66068758
2018.03.05,14:00,11576,11589,11589,11560,113.08434878
2018.03.05,14:15,11589,11610,11612,11588,127.84247202
2018.03.05,14:30,11610,11595,11615,11593,149.18447727
2018.03.05,14:45,11594,11559,11598,11532,393.15547837
2018.03.05,15:00,11560,11599,11606,11558,160.9052551
2018.03.05,15:15,11599,11589,11599,11575,129.73070224
2018.03.05,15:30,11591,11567,11597,11549,200.33202224
2018.03.05,15:45,11568,11402,11569,11356,1190.85710583
2018.03.05,16:00,11402,11358,11411,11315,1439.82648718
2018.03.05,16:15,11357,11278,11386,11251,1004.27818795
2018.03.05,16:30,11278,11300,11321,11255,491.33181945
2018.03.05,16:45,11300,11298,11337,11293,360.62499924
2018.03.05,17:00,11297,11230,11297,11176,1255.51427171
2018.03.05,17:15,11229,11250,11254,11213,286.11784023
2018.03.05,17:30,11249,11229,11286,11216,928.58473932
2018.03.05,17:45,11234.74688449,11286,11290,11234.74688449,190.55092118
2018.03.05,18:00,11286,11260,11286,11227,215.3333488
2018.03.05,18:15,11259,11245,11274,11236,144.52205741
2018.03.05,18:30,11244,11228,11245,11210,210.54849669
2018.03.05,18:45,11229,11262,11269,11228,48.99303855
2018.03.05,19:00,11262,11238,11274,11181,350.80128604
2018.03.05,19:15,11238,11219,11240,11195,146.8913625
2018.03.05,19:30,11211,11223,11254,11199,208.91319891
2018.03.05,19:45,11222,11250,11250,11221,135.30635125
2018.03.05,20:00,11249,11277,11288,11244,196.74357013
2018.03.05,20:15,11277.24356005,11324,11328,11277,268.04708821
2018.03.05,20:30,11325,11287,11327,11180,587.50446634
2018.03.05,20:45,11287,11279,11304,11270,95.802936
2018.03.05,21:00,11281,11290,11290,11222,173.24466
2018.03.05,21:15,11290,11288,11314,11275,218.01724863
2018.03.05,21:30,11288,11293,11324,11275,245.42287578
2018.03.05,21:45,11294,11301,11318.00468135,11285,66.05701139
2018.03.05,22:00,11301,11325,11339,11299,172.89228574
2018.03.05,22:15,11322,11298,11333,11298,173.92575417
2018.03.05,22:30,11299,11285,11299,11276,117.26858315
2018.03.05,22:45,11286,11291,11317,11282,182.84002082
2018.03.05,23:00,11292,11253,11292,11248,195.86640493
2018.03.05,23:15,11252,11265,11265,11223,214.12746202
2018.03.05,23:30,11264,11265,11265,11251,61.05913352
2018.03.05,23:45,11264,11270,11285,11264,88.15169566
2018.03.06,00:00,11271,11260,11290,11257,113.6916453
2018.03.06,00:15,11260,11280,11304,11259,293.61621111
2018.03.06,00:30,11281,11248,11281,11247,483.00878556
2018.03.06,00:45,11250,11258,11262,11247,180.13130778
2018.03.06,01:00,11258,11284,11289,11256,202.36339375
2018.03.06,01:15,11285,11286,11311,11283,112.41135983
2018.03.06,01:30,11285.97549759,11281,11290,11272,98.8052005
2018.03.06,01:45,11282,11270,11287,11261,91.32347388
2018.03.06,02:00,11270,11120,11270,11120,898.4417714
2018.03.06,02:15,11120,11070.9915152,11137,11060,897.33038809
2018.03.06,02:30,11070,10950,11070,10906,3355.46542437
2018.03.06,02:45,10948,10942,11018,10937.65634709,1061.08122079
2018.03.06,03:00,10942,10969,10977.80473553,10917,543.42856456
2018.03.06,03:15,10969,10890,10970,10870,906.63069108
2018.03.06,03:30,10891,10922.70135905,10935,10884,289.81711421
2018.03.06,03:45,10922.70135905,10943,10961,10922,240.45623406
2018.03.06,04:00,10943,10940,10970,10915,392.96560811
2018.03.06,04:15,10939,10897,10940,10871,536.99828354
2018.03.06,04:30,10897,10914,10926,10895,415.93770161
2018.03.06,04:45,10914,10928,10935,10910,240.63972489
2018.03.06,05:00,10928,10920,10928,10879,413.89565078
2018.03.06,05:15,10919,10905,10927,10903,126.9344078
2018.03.06,05:30,10906,10839,10908,10839,1029.61519096
2018.03.06,05:45,10839,10850,10875,10821,1036.13274755
2018.03.06,06:00,10850,10877,10885.92418279,10850,259.28099787
2018.03.06,06:15,10878,10896,10908,10878,233.96481091
2018.03.06,06:30,10895,10947,10967,10895,437.35569182
2018.03.06,06:45,10948,10993,11016,10942,603.57709851
2018.03.06,07:00,10993,11000,11005,10955,324.98167767
2018.03.06,07:15,11000,11027,11039,10970,533.96480084
2018.03.06,07:30,11028,10970,11034,10968,252.28680559
2018.03.06,07:45,10969,10972.34280045,11009.92186531,10969,170.05303974
2018.03.06,08:00,10972.7148704,10958,10973,10958,225.58464136
2018.03.06,08:15,10959,10940,10959,10922,466.33508948
2018.03.06,08:30,10939,11002,11003,10939,295.16198177
2018.03.06,08:45,11003,10954,11003,10940,176.96658134
2018.03.06,09:00,10955,10911,10960,10901,277.27727315
2018.03.06,09:15,10910,10790,10910,10782,1491.93956735
2018.03.06,09:30,10786,10809,10828,10752,1159.89719233
2018.03.06,09:45,10810,10776,10822,10775,284.58863974
2018.03.06,10:00,10776,10846,10855,10776,482.24638538
2018.03.06,10:15,10845,10821,10881,10799,510.59657335
2018.03.06,10:30,10820,10852,10855,10810,172.89706581
2018.03.06,10:45,10853,10722,10854,10678,1723.01894904
2018.03.06,11:00,10721,10645,10722,10590,2103.23686027
2018.03.06,11:15,10646,10619,10680.12739201,10601,387.86098921
2018.03.06,11:30,10620,10645,10685,10567,845.65403639
2018.03.06,11:45,10644,10710,10725,10643,518.81899472
2018.03.06,12:00,10711,10652,10718,10624,327.75052971
2018.03.06,12:15,10652,10636,10655,10621,208.75633872
2018.03.06,12:30,10635,10675,10693,10582,438.15578564
2018.03.06,12:45,10676,10651,10681,10600,468.91412839
2018.03.06,13:00,10650,10735,10763,10648,741.66042202
2018.03.06,13:15,10737.22046116,10727,10776,10714,403.56474554
2018.03.06,13:30,10727,10755,10755,10719,218.15108844
2018.03.06,13:45,10755,10776,10812,10754.59661264,518.97658071
2018.03.06,14:00,10776,10730,10776,10730,257.99143794
2018.03.06,14:15,10730,10753,10763,10710,246.65980476
2018.03.06,14:30,10752,10771,10799,10730,194.56783249
2018.03.06,14:45,10771,10763,10792.57591516,10755,108.67547588
2018.03.06,15:00,10763,10651.24053213,10772,10625,507.76121244
2018.03.06,15:15,10652,10625.01941729,10660,10583,532.95965664
2018.03.06,15:30,10625,10662.18248611,10681,10625,234.17787016
2018.03.06,15:45,10663,10720,10740,10644,421.84873978
2018.03.06,16:00,10719,10776,10800,10713,518.60325743
2018.03.06,16:15,10775.95473587,10809,10839,10739,461.77288508
2018.03.06,16:30,10809,10846,10863,10790,525.27094605
2018.03.06,16:45,10846,10858,10896,10846,405.6231853
2018.03.06,17:00,10858,10801,10858,10801,289.61737451
2018.03.06,17:15,10801,10799,10850,10790,183.25828238
2018.03.06,17:30,10799,10836,10861,10793,207.94482912
2018.03.06,17:45,10836,10856.88521454,10899,10836,295.58444206
2018.03.06,18:00,10856,10844,10873,10821,107.54276922
2018.03.06,18:15,10844,10760,10853,10759,205.96675517
2018.03.06,18:30,10759,10756.0284287,10783,10721,344.99793219
2018.03.06,18:45,10757,10782,10835,10756.0284287,232.56006369
2018.03.06,19:00,10781,10722.11968173,10794,10666,416.14838233
2018.03.06,19:15,10724.10700756,10728,10737,10692,178.43588174
2018.03.06,19:30,10729,10686,10742,10686,238.79352532
2018.03.06,19:45,10686,10726,10743,10680.01321572,169.93502147
2018.03.06,20:00,10726,10732,10766,10721.62285027,217.62000504
2018.03.06,20:15,10732,10768,10769,10701,341.13915948
2018.03.06,20:30,10768.94604659,10765,10781,10724,413.86461399
2018.03.06,20:45,10765,10775,10795,10750,397.56546874
2018.03.06,21:00,10771,10818,10818,10768,238.98181871
2018.03.06,21:15,10817.01449009,10764,10818,10744,218.3660163
2018.03.06,21:30,10764,10678,10764,10637,395.80015696
2018.03.06,21:45,10677,10652,10678,10632,300.99384986
2018.03.06,22:00,10652,10534,10652,10522,982.20602492
2018.03.06,22:15,10534,10556,10592,10533,397.89961852
2018.03.06,22:30,10558,10567,10606,10550,261.99923587
2018.03.06,22:45,10568,10485,10591,10467,811.57824381
2018.03.06,23:00,10485,10494,10539,10485,318.98429354
2018.03.06,23:15,10493,10482,10506,10469,277.93153395
2018.03.06,23:30,10482,10460,10483,10411,905.5385828
2018.03.06,23:45,10460,10510,10529,10459,576.57802067
2018.03.07,00:00,10509,10540,10594,10509,356.13866332
2018.03.07,00:15,10540,10595,10625,10540,493.314347
2018.03.07,00:30,10595,10540,10596,10515,353.76852222
2018.03.07,00:45,10540,10539,10596,10532,354.40385915
2018.03.07,01:00,10539,10515,10540,10483,317.37377262
2018.03.07,01:15,10516,10532,10543,10452,491.34663241
2018.03.07,01:30,10536,10456,10540,10400,658.35695192
2018.03.07,01:45,10456,10488,10500,10432,263.05674968
2018.03.07,02:00,10483,10537,10555,10482,369.11481109
2018.03.07,02:15,10537,10551,10562,10505,120.45421333
2018.03.07,02:30,10550,10524,10556,10465,253.76870564
2018.03.07,02:45,10523,10492,10530,10443,199.75727322
2018.03.07,03:00,10491,10477,10518,10431,439.46849121
2018.03.07,03:15,10480,10582,10584,10479,800.98794274
2018.03.07,03:30,10582,10577,10628,10575,514.75837444
2018.03.07,03:45,10578,10639,10639,10575,224.03477163
2018.03.07,04:00,10639,10626,10674,10609,341.44690896
2018.03.07,04:15,10626,10580,10626,10576,292.81663737
2018.03.07,04:30,10581,10653,10659,10581,181.56109579
2018.03.07,04:45,10653,10598,10653,10590,227.17209319
2018.03.07,05:00,10598,10618,10624,10589,127.17796951
2018.03.07,05:15,10618,10605,10644,10599,152.56329892
2018.03.07,05:30,10606,10553,10619,10536,391.51877525
2018.03.07,05:45,10552,10525,10559,10513,357.66304525
2018.03.07,06:00,10524,10570,10584,10524,220.2382858
2018.03.07,06:15,10571,10620,10626.95005863,10570,269.75152655
2018.03.07,06:30,10620,10599,10620,10568,153.17921813
2018.03.07,06:45,10599,10662,10672,10582,478.39070676
2018.03.07,07:00,10661,10669,10719,10624,720.04295923
2018.03.07,07:15,10672,10681,10692,10639,254.70026865
2018.03.07,07:30,10682,10621,10682,10600,230.77237401
2018.03.07,07:45,10621,10661,10675,10609,261.05686655
2018.03.07,08:00,10661,10665,10690,10639,205.89568778
2018.03.07,08:15,10664,10431,10665,10425,1148.01488346
2018.03.07,08:30,10432,10075,10433,10075,4604.51841364
2018.03.07,08:45,10084.81687463,9937.1,10088,9846.9,5530.27759216
2018.03.07,09:00,9940,9714,10120,9625,5425.20842871
2018.03.07,09:15,9714,9656.7,9797.5,9400,7022.78340436
2018.03.07,09:30,9652.2,9863.3,9870.4,9608.2,4202.40113167
2018.03.07,09:45,9863.3,9725,9863.5,9640.6,2773.38216111
2018.03.07,10:00,9725,9836,9922.2,9724.9,2961.17446644
2018.03.07,10:15,9836,9748,9865,9718,1485.54620511
2018.03.07,10:30,9748.3,9833,9833,9675.8,1455.82252299
2018.03.07,10:45,9833,9682.2,9833,9675.8,1041.09457535
2018.03.07,11:00,9682.2,9731.9,9762,9610,1150.38455673
2018.03.07,11:15,9731.8,9669,9732,9651,703.86544491
2018.03.07,11:30,9668.9,9749.8,9784,9668.9,753.21473048
2018.03.07,11:45,9749.8,9845.1,9860,9700,876.47078584
2018.03.07,12:00,9844.9,9780,9844.9,9769,668.33303227
2018.03.07,12:15,9778.8982649,9787,9808,9717.8,528.37815286
2018.03.07,12:30,9787.9,9716.1,9812,9685,623.5306917
2018.03.07,12:45,9716.1,9763,9778,9716.1,252.5541564
2018.03.07,13:00,9761,9783.8,9828.4,9759.9,559.21783553
2018.03.07,13:15,9783.8,9920.6,9950,9777.3,1200.57673401
2018.03.07,13:30,9920.6,9927.2,9979.8,9883,1044.37630123
2018.03.07,13:45,9929.9,9929.1,9969,9891.3,506.58375856
2018.03.07,14:00,9929.1,10014,10040,9929,1191.18051775
2018.03.07,14:15,10014,10065,10093,9999,901.01083198
2018.03.07,14:30,10066,10020,10097,9957,799.80599076
2018.03.07,14:45,10020,9936,10067,9902,797.69400285
2018.03.07,15:00,9935.3,9831,9953,9814,739.35688273
2018.03.07,15:15,9838.97755964,9837,9878.9,9814,503.39486546
2018.03.07,15:30,9835.8,9933.9,9974.2,9835.5,480.9630394
2018.03.07,15:45,9933.9,9910.6,9940,9845.5,382.85974871
2018.03.07,16:00,9910.5,9923,9948.2,9855,361.06421106
2018.03.07,16:15,9923.2,10018,10020,9920,424.16057798
2018.03.07,16:30,10017,9962.1,10020,9952,247.49305835
2018.03.07,16:45,9962.1,9941.4,9977,9924.9,186.7434463
2018.03.07,17:00,9941.7,10000,10000,9941,213.61987965
2018.03.07,17:15,10001,9984.9,10023,9973.4,175.77145268
2018.03.07,17:30,9984.9,9828,9995,9801,989.84969418
2018.03.07,17:45,9823.7,9844.8,9857.9,9809.3,349.57961667
2018.03.07,18:00,9844.8,9684,9844.9,9630,1696.13172522
2018.03.07,18:15,9681.2,9645.3,9692,9555,1079.90281617
2018.03.07,18:30,9645.30527757,9725,9732.9,9618.2,764.10548123
2018.03.07,18:45,9725,9600.8,9749,9572,1052.71908468
2018.03.07,19:00,9600.8,9643,9670,9600.8,373.57203037
2018.03.07,19:15,9643,9669.2,9696.1,9620,243.95004606
2018.03.07,19:30,9669.1,9664,9680.1,9622.1,382.69821654
2018.03.07,19:45,9661.5,9530,9669.8,9489.4,1215.41219902
2018.03.07,20:00,9529.9,9622.4,9640.1,9515.20465733,738.0092365
2018.03.07,20:15,9622.5,9701.1,9707,9591,578.8595856
2018.03.07,20:30,9703.3,9709.9,9755,9682,514.21849409
2018.03.07,20:45,9709.9,9783,9784,9709.9,420.23568676
2018.03.07,21:00,9782,9754.7,9783,9717.8,225.15742017
2018.03.07,21:15,9754.8,9716,9762.3,9706.2,166.68068092
2018.03.07,21:30,9716,9820.1,9821.5,9668.58027863,636.14114386
2018.03.07,21:45,9820,9791.4,9820.1,9776.3,286.89208654
2018.03.07,22:00,9791.3,9798.2,9868,9789.94944193,349.20514197
2018.03.07,22:15,9798.3,9754.1,9814.6,9743.53628541,187.75072888
2018.03.07,22:30,9752.9,9744.9,9807,9712,327.15510871
2018.03.07,22:45,9744.9,9742.4,9787.6,9740.2,241.84728699
2018.03.07,23:00,9742.5,9870.1,9875,9679.8,864.97761042
2018.03.07,23:15,9870,9924,9924,9845.3,510.80708217
2018.03.07,23:30,9924,9961.6,10000,9915.9,830.43736954
2018.03.07,23:45,9961.6,9938.5,9974.5,9908,273.88792827
2018.03.08,00:00,9936.5,9935.1,9967,9915.5,281.66132389
2018.03.08,00:15,9935.1,9859.9,9948,9836.7,544.29206288
2018.03.08,00:30,9859.9,9949.9,9957,9835.6,397.42450457
2018.03.08,00:45,9949.4,9908.1,9953.3,9884.2,236.58437515
2018.03.08,01:00,9907.1,9984,9984,9903.6,284.77063909
2018.03.08,01:15,9983.9,10095,10097,9948.1,1074.76519166
2018.03.08,01:30,10096,10075,10112,10018,900.28408844
2018.03.08,01:45,10074,10056,10075,10030,252.53965038
2018.03.08,02:00,10056,9983,10076,9983,526.98545442
2018.03.08,02:15,9983.1,9990.1,10001,9951.13288487,384.42779317
2018.03.08,02:30,9990.1,9971.3,9990.1,9928.71791315,271.74970256
2018.03.08,02:45,9971.2,10011,10027,9970.20418677,226.9390617
2018.03.08,03:00,10010,9970.32802639,10011,9945.7,216.33767287
2018.03.08,03:15,9971,9977.3,10029,9970.82338488,160.73285088
2018.03.08,03:30,9977.6,9988.2,9991.02839359,9908.8,420.02710637
2018.03.08,03:45,9988.2,9925.7,9999,9920.5,335.33401028
2018.03.08,04:00,9925.3,9956.9,9982.6,9912.07825716,588.39268443
2018.03.08,04:15,9956.9,9775.3,9957,9752.8,1019.26013361
2018.03.08,04:30,9775.3,9769.9,9818,9719,1039.16494023
2018.03.08,04:45,9769.9,9770.3,9801.4,9725,518.11513962
2018.03.08,05:00,9770.3,9712.2,9785.1,9670,711.92470188
2018.03.08,05:15,9712.5,9755.5,9787,9696.34933491,345.81774448
2018.03.08,05:30,9755.6,9837.6,9843,9755.5,472.48158185
2018.03.08,05:45,9835.9,9889,9890,9798,434.24440258
2018.03.08,06:00,9889.7,9809.5,9890,9796.67741136,472.5224558
2018.03.08,06:15,9808.2,9782.9,9849.5,9770.9,281.65896159
2018.03.08,06:30,9782.7,9741,9800,9734.8,222.82307323
2018.03.08,06:45,9739.9,9745.4,9798.6,9735,243.23884142
2018.03.08,07:00,9745.4,9816,9830,9745.3,452.46282372
2018.03.08,07:15,9815.9,9927.8,9942,9815.9,753.15703453
2018.03.08,07:30,9927.84108735,9884,9945,9869.9,354.30247069
2018.03.08,07:45,9884,9904,9904,9848.9,289.86169922
2018.03.08,08:00,9904,9849.1,9904,9793,612.27412822
2018.03.08,08:15,9849.1,9807.8,9849.2,9769,511.93156534
2018.03.08,08:30,9807.7,9760.76625839,9850,9753,352.76234634
2018.03.08,08:45,9760.76625839,9437.8,9760.8,9331.8,4150.40615758
2018.03.08,09:00,9427,9250,9432.5,9231.4,5230.928512
2018.03.08,09:15,9250,9285.4,9300.6,9025,6279.17041229
2018.03.08,09:30,9285.3,9307.3,9353.9,9201.1,2384.99061608
2018.03.08,09:45,9307.3,9296.8,9322.2,9260,1089.14374267
2018.03.08,10:00,9295.4,9220,9350.4,9220,1572.03763794
2018.03.08,10:15,9220,9263.38818277,9335,9210,1238.75584509
2018.03.08,10:30,9266,9398.88987162,9443.7,9264.62001631,1416.68840164
2018.03.08,10:45,9398.88987162,9337.29819487,9400,9327,312.19295981
2018.03.08,11:00,9338.5,9283.9,9380,9260,942.12552148
2018.03.08,11:15,9283.9,9301.2,9331.6,9280,597.7222338
2018.03.08,11:30,9303.8,9353.2,9399.5,9303.8,485.42206301
2018.03.08,11:45,9352.1,9372.8,9373,9330,332.75735112
2018.03.08,12:00,9372.7,9353.4,9384,9281,755.33220735
2018.03.08,12:15,9352.8,9304.8,9352.9,9296.8,445.62646731
2018.03.08,12:30,9304.9,9369.9,9370,9290,604.07358262
2018.03.08,12:45,9369.9,9380,9397.4,9349.4,352.50310834
2018.03.08,13:00,9380,9416,9469.9,9380,786.11300844
2018.03.08,13:15,9417,9445.8,9446.8,9413.4,170.20783402
2018.03.08,13:30,9445.8,9391.6,9471,9356.1,570.53726124
2018.03.08,13:45,9391.5,9330,9404,9330,507.53633294
2018.03.08,14:00,9330,9375.9,9382,9321,298.96178091
2018.03.08,14:15,9375.9,9345.7,9407,9341,222.85621263
2018.03.08,14:30,9345.7,9288,9345.7,9240,1081.22735632
2018.03.08,14:45,9288,9272.1,9321.6,9270.2,680.31282414
2018.03.08,15:00,9272.1,9342,9344,9271,400.03470238
2018.03.08,15:15,9342,9351,9362.9,9331,208.09057428
2018.03.08,15:30,9351.1,9360.8,9361.4,9320,521.52185471
2018.03.08,15:45,9360.8,9300,9360.9,9290,1000.32692641
2018.03.08,16:00,9300,9396.3,9428,9300,800.97856324
2018.03.08,16:15,9396.45153983,9396.2,9418.8,9361,310.40565353
2018.03.08,16:30,9393,9356.2,9395.5,9340.1,335.1389413
2018.03.08,16:45,9356.3,9375.03849954,9400,9356.3,120.59729754
2018.03.08,17:00,9375,9354.2,9375,9320,535.4649788
2018.03.08,17:15,9354.2,9329,9354.3,9270,583.07691547
2018.03.08,17:30,9331.5,9081.1,9331.9,9050,1878.48956676
2018.03.08,17:45,9081.1,9092.1,9159,8954.8,3612.57893605
2018.03.08,18:00,9092.2,8971,9110,8882,3062.20325258
2018.03.08,18:15,8967.2,9030.9,9087.98881478,8933.5,1447.22155058
2018.03.08,18:30,9031,9077.3,9085.9,8981.3,936.38140154
2018.03.08,18:45,9074.2,9011.1,9077.2,8972.2,578.70578666
2018.03.08,19:00,9011.1,8993.6,9037,8938.1,573.47597829
2018.03.08,19:15,8993.6,8954.9,9006.5,8933.8,363.13074803
2018.03.08,19:30,8955,8993.8,9036.1,8954.9,462.00574436
2018.03.08,19:45,8993.8,8980.6,9016.60428726,8950,464.63360617
2018.03.08,20:00,8980.6,8735.2,8986,8719,2214.66363189
2018.03.08,20:15,8735.2,8660.9,8780.3,8631,2432.4029722
2018.03.08,20:30,8660.9,8716.4,8736,8563,2538.5190654
2018.03.08,20:45,8716.4,8636.3,8717.9,8627.2,685.70931114
2018.03.08,21:00,8639,8697.5,8771.1,8560,1351.57303255
2018.03.08,21:15,8697.8,8622.2,8760,8622.2,940.42008046
2018.03.08,21:30,8632.6,8688.8,8699.9,8620.85952433,646.90799855
2018.03.08,21:45,8688.9,8481,8688.9,8426.2,2825.65568424
2018.03.08,22:00,8483.8,8480,8492.4,8342,2812.47930479
2018.03.08,22:15,8480.4,8631,8653,8480,2229.19731608
2018.03.08,22:30,8631.1,8708.8,8755,8631.1,2093.33831783
2018.03.08,22:45,8708.7,8816.1,8852.9,8675,1366.58782579
2018.03.08,23:00,8816.8,8844.9,8865,8722,1349.8329381
2018.03.08,23:15,8844,8795,8859,8706,996.36043169
2018.03.08,23:30,8795,8683,8829.9,8678.3,995.62804549
2018.03.08,23:45,8683,8704.9,8766,8678,581.31496774
2018.03.09,00:00,8704.9,8628.1,8717.8,8596.1,1385.79071487
2018.03.09,00:15,8627.9,8782,8788,8616,1157.54244446
2018.03.09,00:30,8782.2,8790.9,8850,8733,836.66583265
2018.03.09,00:45,8792,8662,8831.2,8556,1598.30814873
2018.03.09,01:00,8668.3,8601.9,8727.7,8549.5,1019.27708846
2018.03.09,01:15,8602,8638.4,8682.7,8601.9,520.82756794
2018.03.09,01:30,8638.1,8448.1,8639.3,8411,1472.7092378
2018.03.09,01:45,8448.1,8540,8616,8379,2246.97390373
2018.03.09,02:00,8540,8638.8,8699,8452,1661.77007833
2018.03.09,02:15,8637,8706,8746,8618,987.17838548
2018.03.09,02:30,8706.1,8601,8720,8601,722.25020266
2018.03.09,02:45,8601,8734.0166511,8812,8586,1431.82465816
2018.03.09,03:00,8732.8,8714.9,8800,8699,518.21438684
2018.03.09,03:15,8715,8734,8787.6,8668,478.6271157
2018.03.09,03:30,8737,8857,8888,8671.5,935.03876785
2018.03.09,03:45,8856.4,8942.1,8970,8825,1893.4476349
2018.03.09,04:00,8942.3,8940,9046.1,8917.1,1507.05347265
2018.03.09,04:15,8940,8960,8978.7,8889,522.34658854
2018.03.09,04:30,8959.9,8959.9,8969.1,8889,645.73295923
2018.03.09,04:45,8960,8984.7,9063.9,8918,970.45445507
2018.03.09,05:00,8978.7,8912.7,8998,8889.2,567.46292259
2018.03.09,05:15,8919.4,8873,8950.3,8821,817.39934897
2018.03.09,05:30,8875,8927.1,8950,8832.2,370.35538522
2018.03.09,05:45,8924.28572484,8916.9,9000.59322931,8882,550.52092513
2018.03.09,06:00,8916.4,8955.9,9016.91286399,8906,440.27165022
2018.03.09,06:15,8960.2,9129,9140,8947.4,1080.84738336
2018.03.09,06:30,9135.7,9075,9143.9,9057.27240847,586.53299942
2018.03.09,06:45,9074.9,9134.8,9136.3,9074.9,496.90161199
2018.03.09,07:00,9134.9,9003.9,9138.6,8990.5,879.15616471
2018.03.09,07:15,9003.1,8905.3,9039,8901,838.63942676
2018.03.09,07:30,8905.2,9003.4,9022.15032232,8905.2,483.32754055
2018.03.09,07:45,9003.4,8943.7,9015,8940.1,320.44027432
2018.03.09,08:00,8944.1,9029.7,9050,8940,488.06600323
2018.03.09,08:15,9032,8737.5,9037.9,8724.5,2083.53585288
2018.03.09,08:30,8737.9,8715.5,8774,8656,1554.74562982
2018.03.09,08:45,8715.5,8693.6,8748,8650,1047.90983124
2018.03.09,09:00,8692.6,8830,8850,8663,1092.07495325
2018.03.09,09:15,8829.9,8815,8835,8763.9,511.5881039
2018.03.09,09:30,8815,8766.9,8815.1,8703,573.18193858
2018.03.09,09:45,8766.9,8745.6,8813.8,8730.1,538.36890777
2018.03.09,10:00,8749,8807.9,8830,8745.2,863.53666129
2018.03.09,10:15,8808,8867.5,8893.4,8795.7,985.51047057
2018.03.09,10:30,8867.5,8900.1,8949,8867.4,576.81849032
2018.03.09,10:45,8900,8884.7,8900,8839,245.1301062
2018.03.09,11:00,8882.9,8740.3,8884.7,8682.5,778.11765745
2018.03.09,11:15,8740,8707.3,8740.1,8605.1,1279.19659424
2018.03.09,11:30,8707.1,8724.6,8750,8688.9,261.69825772
2018.03.09,11:45,8724.6,8775.1,8797.4,8685.9,509.39176379
2018.03.09,12:00,8775.2,8799,8828.9,8755,310.04464225
2018.03.09,12:15,8796.9,8781,8849,8779.6,191.23718831
2018.03.09,12:30,8781.1,8781.9,8822.2,8723.86152702,273.13438009
2018.03.09,12:45,8780.9,8973,9000.5,8765.7,1069.40649633
2018.03.09,13:00,8973,9082.4,9095,8933,1163.89485767
2018.03.09,13:15,9082.4,9070.8,9105.9,9036,738.79988118
2018.03.09,13:30,9073,9119.4,9125,9010,741.64870506
2018.03.09,13:45,9120.9,8976,9130,8974.7,771.65385699
2018.03.09,14:00,8975,9052.9,9064,8940,745.28758228
2018.03.09,14:15,9052,9049.9,9116,8954.5,639.8780859
2018.03.09,14:30,9050,9218,9260.7,9049.9,2091.33268807
2018.03.09,14:45,9218.1,9229,9249,9182,483.13692496
2018.03.09,15:00,9228.5,9237.2,9247.9,9153,328.45084303
2018.03.09,15:15,9239.3,9284.1,9348,9237.52221801,1283.50371788
2018.03.09,15:30,9284.3,9307.9,9315,9238.2,760.99387915
2018.03.09,15:45,9307.9,9216.2,9355,9209,1158.90328846
2018.03.09,16:00,9216.1,9312.1,9330.9,9214.2,1353.59871823
2018.03.09,16:15,9312.2,9250.2,9325,9216,1549.23817813
2018.03.09,16:30,9250.2,9239.3,9278.1,9222.01269319,348.3077471
2018.03.09,16:45,9239.3,9313.1,9330,9227.9,537.63053701
2018.03.09,17:00,9311.9,9309.9,9369,9280,571.93917953
2018.03.09,17:15,9309.9,9332.6,9335,9254.9,665.11663773
2018.03.09,17:30,9334.2,9357.1,9423.9,9330.5,1074.95129062
2018.03.09,17:45,9355.6,9279.1,9370.2,9232.6,829.5339254
2018.03.09,18:00,9279,9263.9,9326.6,9250,422.0730415
2018.03.09,18:15,9264.4,9236.9,9300,9208,349.84453701
2018.03.09,18:30,9237,9250,9265,9202.2,473.75602357
2018.03.09,18:45,9250.1,9289.9,9320.8,9250,222.47560306
2018.03.09,19:00,9289.9,9133.8,9293,8950,2431.27809048
2018.03.09,19:15,9135.7,9128,9188,9087,736.19929124
2018.03.09,19:30,9129,9153,9196,9128.3,357.7527751
2018.03.09,19:45,9154.7,9233.6,9247,9154.6,381.85046756
2018.03.09,20:00,9234,9260,9269.9,9188,436.61008339
2018.03.09,20:15,9254.2,9308.8,9317.7,9232,357.72858274
2018.03.09,20:30,9308.8,9276,9336,9265.09470657,248.60084964
2018.03.09,20:45,9276,9303,9309,9260.3,168.65698921
2018.03.09,21:00,9303,9293.4,9325,9281.5,183.12309016
2018.03.09,21:15,9291,9283.6,9307,9205.1,655.84369411
2018.03.09,21:30,9277.9,9323.4,9360.2,9277.9,426.41424327
2018.03.09,21:45,9323.5,9342,9349.5,9293.1,301.94064682
2018.03.09,22:00,9341.7,9474.7,9506.4,9341.6,2290.6070642
2018.03.09,22:15,9474.7,9460.9,9481.2,9445,371.25530253
2018.03.09,22:30,9457.7,9428.1,9469.6,9411.3,476.32107285
2018.03.09,22:45,9427.1,9428.4,9444,9407,201.95530125
2018.03.09,23:00,9428.4,9401.6,9443.9,9381.5,394.95210664
2018.03.09,23:15,9401.6,9377.2,9451,9375,308.45315481
2018.03.09,23:30,9376.5,9383.9,9411.9,9325,631.97023011
2018.03.09,23:45,9378.6,9327.2,9449,9319.1,500.52081947
2018.03.10,00:00,9327.3,9353.1,9389,9310.6,555.88667876
2018.03.10,00:15,9353.1,9372.4,9398,9324.6,274.27475889
2018.03.10,00:30,9376.3,9389.5,9415.2,9357.8,360.23285332
2018.03.10,00:45,9389.3,9324.3,9389.6,9303.2,423.38381575
2018.03.10,01:00,9332.5,9253,9343.6,9201,853.78556464
2018.03.10,01:15,9253,9281,9316,9230.62909587,410.10417637
2018.03.10,01:30,9279.9,9285.4,9318.7625861,9254,509.85320541
2018.03.10,01:45,9280.3,9220,9305.6,9220,317.35192845
2018.03.10,02:00,9220,9234.4,9257,9173,488.14345928
2018.03.10,02:15,9235.2,9249.7,9273.6,9230.3,165.04969415
2018.03.10,02:30,9249.3,9304,9311,9235,244.87638063
2018.03.10,02:45,9303.9,9335,9341.8,9290.9,191.68341561
2018.03.10,03:00,9334.9,9318.1,9336,9296.4,172.4589533
2018.03.10,03:15,9317,9310.1,9324,9271,328.38564069
2018.03.10,03:30,9310.1,9368,9368,9310.1,247.0863902
2018.03.10,03:45,9367.9,9349.9,9375,9337.71867199,165.87781754
2018.03.10,04:00,9349.9,9302.5,9349.9,9275.7,271.65846243
2018.03.10,04:15,9302.4,9302.5,9358.02876401,9280.1,375.8528754
2018.03.10,04:30,9302.6,9256.3,9307.8,9234.5,296.48440199
2018.03.10,04:45,9255.2,9273.1,9296.1,9225,364.63814612
2018.03.10,05:00,9273.1,9251.2,9287,9236.8,190.7272752
2018.03.10,05:15,9250.8,9278.2,9299,9206.2,430.51710769
2018.03.10,05:30,9278.2,9280,9317.8,9261.1,232.81139071
2018.03.10,05:45,9280,9261.52505404,9288.4,9254.4,251.13690241
2018.03.10,06:00,9260.7,9445,9500,9258,1871.00524885
2018.03.10,06:15,9446.9,9462.8,9490,9407.6,525.57101195
2018.03.10,06:30,9462.3,9449,9468.6,9408,362.26852318
2018.03.10,06:45,9449.4,9435.4,9453,9414,211.33316513
2018.03.10,07:00,9435.4,9469,9478.4,9416,275.67425941
2018.03.10,07:15,9469,9440.6,9500,9431.3,487.94421798
2018.03.10,07:30,9435.1,9403,9435.1,9355.9,417.37624635
2018.03.10,07:45,9405.1,9363.7,9417.9,9328,261.89146068
2018.03.10,08:00,9363.9,9369.4,9395,9333,154.18638402
2018.03.10,08:15,9371.7,9356.6,9407.9,9344,303.3376139
2018.03.10,08:30,9356.9,9425.2,9430.5,9356.8,182.05113221
2018.03.10,08:45,9425.3,9405.5,9425.5,9381.2,78.47773212
2018.03.10,09:00,9405.6,9367.9,9424,9344,207.68528963
2018.03.10,09:15,9368,9260,9380.2,9260,429.24831671
2018.03.10,09:30,9261,9209,9263.9,9087.2,2235.66128863
2018.03.10,09:45,9209,9135,9213.9,9135,329.24889915
2018.03.10,10:00,9135,9089,9135.1,9022,1074.09029583
2018.03.10,10:15,9084.4,9062.2,9103,8970,1452.53676642
2018.03.10,10:30,9062.2,9091.8,9117,9014,628.59929964
2018.03.10,10:45,9084.7,9080,9113.9,9025,556.08015228
2018.03.10,11:00,9078.9,9021.7,9094,9000,794.70008128
2018.03.10,11:15,9027,9015.9,9059.7,9011.8,202.8708736
2018.03.10,11:30,9015.9,9094.9,9108.76854373,9015.8,303.0787445
2018.03.10,11:45,9090,9097.1,9125,9060.6,193.58102309
2018.03.10,12:00,9097.07485438,9050,9103,9033.1,256.11667182
2018.03.10,12:15,9049.3,8931,9072.9,8931,965.76393816
2018.03.10,12:30,8932.1,8874.6,8942,8811,1760.78721087
2018.03.10,12:45,8879.8,8842,8889,8831.7,500.73293072
2018.03.10,13:00,8842.1,8805.34807805,8842.1,8739.1,1447.40154849
2018.03.10,13:15,8804.36334632,8848.9,8850,8778.5,622.41715061
2018.03.10,13:30,8848.3,8786,8849.1,8786,391.47091253
2018.03.10,13:45,8786,8801,8822.8,8762.1,350.34255794
2018.03.10,14:00,8801.5,8725.1,8820,8670.9,956.2531815
2018.03.10,14:15,8725.1,8782.9,8796.8,8704.6,457.02331492
2018.03.10,14:30,8783,8848.7,8875,8781.7,823.70036401
2018.03.10,14:45,8848.7,8826.9,8848.7,8786.9,178.97395245
2018.03.10,15:00,8827,8780.8,8827,8750,370.93185382
2018.03.10,15:15,8780.8,8755.9,8819.7,8750,288.95976106
2018.03.10,15:30,8755.8,8791,8792.8,8706,649.3937785
2018.03.10,15:45,8791,8769.9,8860,8728,590.57516179
2018.03.10,16:00,8772.5,8630.1,8774.5,8625,860.48189197
2018.03.10,16:15,8630.3,8532.7,8665,8514.9,1527.35390209
2018.03.10,16:30,8532.8,8560.6,8609.9,8512.3,714.43650285
2018.03.10,16:45,8556.1,8471.3,8575.5,8428,2096.70891018
2018.03.10,17:00,8471.3,8632,8633,8471.3,965.25348759
2018.03.10,17:15,8632.6,8586,8633,8546.4,430.52811319
2018.03.10,17:30,8586.1,8610,8634,8583.4,246.16406168
2018.03.10,17:45,8610.4,8580.4,8616,8526.17663133,334.89633809
2018.03.10,18:00,8580,8528,8597,8508.1,388.73691204
2018.03.10,18:15,8527.1,8651.9,8660,8527,540.33659554
2018.03.10,18:30,8660,8661.1,8695.9,8653.1,468.66453112
2018.03.10,18:45,8661.1,8700,8736,8653.5,482.10646681
2018.03.10,19:00,8700,8685,8700,8655,358.48770489
2018.03.10,19:15,8685,8572,8689,8523.2,897.74591109
2018.03.10,19:30,8573.1,8546.2,8592.9,8475.9,920.24705168
2018.03.10,19:45,8546.2,8596.1,8639.8,8546.2,526.08233089
2018.03.10,20:00,8596.4,8631.1,8638.6,8560,332.1180633
2018.03.10,20:15,8631.1,8647.9,8707,8631.1,504.73905794
2018.03.10,20:30,8647.9,8676.5,8694.8,8640.2,213.1099954
2018.03.10,20:45,8675.9,8659.7,8675.9,8603,262.29411717
2018.03.10,21:00,8658.1,8635.5,8658.1,8588,283.78509981
2018.03.10,21:15,8634.5,8731.8,8745,8608.3,504.59972369
2018.03.10,21:30,8731.8,8735.1,8764.7,8705.1,418.33505393
2018.03.10,21:45,8735,8814.1,8818.2,8726,523.16432836
2018.03.10,22:00,8814,8757.5,8830.9,8744.8,736.63936881
2018.03.10,22:15,8764.2,8759,8814,8739.2,373.24609111
2018.03.10,22:30,8758.3,8789.2,8819.9,8757.7,247.45966005
2018.03.10,22:45,8788.8,8778.3,8804.9,8769,222.5770934
2018.03.10,23:00,8778.1,8713.5,8781.5,8673,467.53321144
2018.03.10,23:15,8713.5,8760,8767.9,8701.1,182.9606461
2018.03.10,23:30,8758.4,8721.4,8758.4,8702,199.43762386
2018.03.10,23:45,8721.52278915,8691.5,8722,8625,399.00233306
2018.03.11,00:00,8691.4,8761.6,8764.11243667,8686.2,244.54324063
2018.03.11,00:15,8761.7,8740.9,8770,8732,175.81868442
2018.03.11,00:30,8742,8724.2,8792,8718,679.52763454
2018.03.11,00:45,8723.3,8785.9,8789,8720,324.90735972
2018.03.11,01:00,8785.9,8756,8790,8735,188.83084662
2018.03.11,01:15,8756.7,8712.8,8779,8690.7,197.35968214
2018.03.11,01:30,8712.8,8600,8719,8559.1,738.27803162
2018.03.11,01:45,8600.9,8604.9,8651.7,8566,437.51839411
2018.03.11,03:00,8604.8,8574,8640.5,8506.7,1036.77833093
2018.03.11,03:15,8574,8628,8650,8561,713.81960104
2018.03.11,03:30,8628,8667.1,8670,8593,299.50075449
2018.03.11,03:45,8664.1,8701.1,8705,8627.2,646.95060111
2018.03.11,04:00,8701.1,8639.1,8701.1,8621.5,243.28665003
2018.03.11,04:15,8638,8657.4,8669,8627.9,137.96602056
2018.03.11,04:30,8657.3,8795,8797,8657.2,708.9801848
2018.03.11,04:45,8794.3,9020,9089,8793,2863.04892344
2018.03.11,05:00,9037,9112.1,9164.2,9019.1,2140.89291063
2018.03.11,05:15,9116.1,9185.2,9285,9114,2323.15917176
2018.03.11,05:30,9185.2,9178.4,9245.4,9142,1276.37622409
2018.03.11,05:45,9178.68449688,9169,9247,9131.54046509,778.12489918
2018.03.11,06:00,9169.1,9321.1,9375,9162.1,1322.66439168
2018.03.11,06:15,9318.5,9263.3,9351,9243.1,765.00879103
2018.03.11,06:30,9263.8,9200,9303.3,9190.5,723.77433598
2018.03.11,06:45,9201,9212.4,9252.8,9198,410.07862698
2018.03.11,07:00,9212.4,9213,9240.84568761,9162.4,424.20288577
2018.03.11,07:15,9213.1,9241,9323.9,9202.1,925.86830741
2018.03.11,07:30,9241,9200,9275.2,9180,435.73261018
2018.03.11,07:45,9200,9201.7,9232.7,9143.6,587.56206074
2018.03.11,08:00,9201.70260117,9234.9,9283.5,9160.09768539,570.87257519
2018.03.11,08:15,9234,9201.7,9239,9152.1,259.9666257
2018.03.11,08:30,9200.8,9096.5,9219,9067.1,1013.95123624
2018.03.11,08:45,9096.6,9081.3,9125,9062.6,702.17844357
2018.03.11,09:00,9085.1,9190,9195,9081.6,693.39294197
2018.03.11,09:15,9190,9232.4,9272,9151.6,808.066701
2018.03.11,09:30,9237,9233.6,9276.5,9215.1,406.71043198
2018.03.11,09:45,9230.9,9192.2,9257.7,9177,370.88887502
2018.03.11,10:00,9189.4,9223.8,9241,9180.4,250.35346088
2018.03.11,10:15,9223.9,9434,9491.9,9223.9,2697.07607741
2018.03.11,10:30,9433.8,9392.1,9449.4,9365,1016.40520219
2018.03.11,10:45,9397.9,9630.5,9680,9393.4,3825.7703948
2018.03.11,11:00,9630.5,9644.1,9729,9571.5,1389.24060014
2018.03.11,11:15,9644.1,9598.6,9660,9566.1,1013.11589542
2018.03.11,11:30,9598.6,9620,9624,9542,944.56315426
2018.03.11,11:45,9619.9,9611.3,9626,9570,617.79522922
2018.03.11,12:00,9611.4,9577.2,9650.8,9555,516.62271356
2018.03.11,12:15,9583.9,9596.3,9649.2,9580.8,570.22984876
2018.03.11,12:30,9596.3,9659.8,9661.3,9580.7,513.06746058
2018.03.11,12:45,9659.9,9631.8,9700,9621.1,512.95414862
2018.03.11,13:00,9631,9519.9,9648.5,9479,1733.23818278
2018.03.11,13:15,9519.9,9525.6,9540,9435.9,820.61267427
2018.03.11,13:30,9525.6,9481.9,9599.3,9475.5,820.41085158
2018.03.11,13:45,9481.9,9599,9643.1,9480.1,541.52483934
2018.03.11,14:00,9597,9589.1,9625.9,9555.2,681.9784597
2018.03.11,14:15,9588.4,9617.4,9630,9587,295.26394717
2018.03.11,14:30,9617.5,9551.4,9618,9507,522.40304542
2018.03.11,14:45,9550.9,9502,9558,9500,319.04697606
2018.03.11,15:00,9502.8,9710,9710,9501,2059.55519995
2018.03.11,15:15,9709.9,9633.2,9716.25816923,9597,1413.88921853
2018.03.11,15:30,9634.8,9561,9667.4,9531.9,570.5235346
2018.03.11,15:45,9561.7,9507.7,9605,9506.6,313.1369036
2018.03.11,16:00,9507.8,9539.9,9545.3,9434,826.81812824
2018.03.11,16:15,9539.9,9472.9,9544,9432.2,575.42651393
2018.03.11,16:30,9473,9488,9538.9,9472.9,368.75100474
2018.03.11,16:45,9488,9527.7,9567.3,9463.1,543.43983749
2018.03.11,17:00,9525.9,9605,9625,9525.9,544.23443464
2018.03.11,17:15,9603,9572.1,9623,9545.3,398.19522332
2018.03.11,17:30,9572,9600,9650,9570.3,440.71990303
2018.03.11,17:45,9600,9597.2,9617.7,9565.7,322.67327528
2018.03.11,18:00,9597.1,9670.1,9687,9584.2,440.3224425
2018.03.11,18:15,9670.1,9639.7,9696.6,9639.6,524.57621446
2018.03.11,18:30,9638.5,9477.2,9663.8,9467,567.64298768
2018.03.11,18:45,9474.8,9529.9,9548.5,9473.8,359.87875811
2018.03.11,19:00,9528.6,9540.5,9559.93182129,9481,293.23270772
2018.03.11,19:15,9539.9,9585.4,9609,9534.1,268.57813489
2018.03.11,19:30,9587.6,9584.9,9597.1,9551.4,231.07977119
2018.03.11,19:45,9584.9,9574.7,9588.9,9519.1,273.15385367
2018.03.11,20:00,9571.2,9554.6,9618,9552.1,255.41320709
2018.03.11,20:15,9555.6,9511.1,9555.6,9511.1,175.54400057
2018.03.11,20:30,9511.2,9388.9,9511.7,9357,1390.76777673
2018.03.11,20:45,9388.9,9425.5,9440.6,9368,358.58913657
2018.03.11,21:00,9425.1,9399.9,9427,9370.7,300.9445637
2018.03.11,21:15,9399.9,9524.4,9558.5,9396.2,835.712032
2018.03.11,21:30,9523.2,9550.6,9577,9522.1,211.14184649
2018.03.11,21:45,9551.6,9534.5,9574.10490796,9517.7,247.93212957
2018.03.11,22:00,9534.6,9499.1,9580.2,9484,442.17687398
2018.03.11,22:15,9502.3,9579.9,9613.05008522,9500,368.99719463
2018.03.11,22:30,9579.9,9568.9,9613.05008522,9551.7,374.35864807
2018.03.11,22:45,9568.7,9563,9600,9561.8,153.16376427
2018.03.11,23:00,9563,9556.9,9597.7,9540.6,146.90430469
2018.03.11,23:15,9556.9,9641.1,9650,9530,403.20256789
2018.03.11,23:30,9641.1,9630.3,9697.6,9620.9,506.5114413
2018.03.11,23:45,9633,9584.7,9648.1,9567.5,342.50423413
2018.03.12,00:00,9588.3,9618.5,9643.4,9580,241.98898309
2018.03.12,00:15,9619.8,9554.6,9622,9519,208.25161525
2018.03.12,00:30,9554,9593.9,9613,9549.5,216.48700346
2018.03.12,00:45,9601.3,9593.95110825,9606.9,9572.4,110.74403374
2018.03.12,01:00,9590.3,9517,9630,9498,613.10913728
2018.03.12,01:15,9515.1,9536.1,9563.4,9511,168.36090696
2018.03.12,01:30,9536.6,9544.9,9571.8,9526,176.72938124
2018.03.12,01:45,9545,9522,9568,9521,133.24812065
2018.03.12,02:00,9522,9530,9560,9520,132.16503192
2018.03.12,02:15,9530,9611.8,9611.8,9501,353.32092721
2018.03.12,02:30,9610.2,9811.8,9815.7,9610.2,2559.21635658
2018.03.12,02:45,9815.7,9806,9875,9785.17253801,1277.55256338
2018.03.12,03:00,9806.1,9847.3,9900,9806.1,794.61485773
2018.03.12,03:15,9847.7,9839,9897.7,9813.9,1312.34829549
2018.03.12,03:30,9838.9,9814.8,9844.7,9773.38314248,603.72567158
2018.03.12,03:45,9814.7,9834,9835,9782,341.13550683
2018.03.12,04:00,9834,9806,9845,9798,375.8849951
2018.03.12,04:15,9805,9793,9829,9787.1,282.17819427
2018.03.12,04:30,9792.96685918,9790,9795.1,9752.5,301.64702812
2018.03.12,04:45,9789.1,9832,9852,9770,492.44124951
2018.03.12,05:00,9826.1,9805,9829.5,9769.8,230.7522946
2018.03.12,05:15,9804.9,9788,9805,9772.9,161.58777225
2018.03.12,05:30,9787.9,9763.2,9791,9745.1,493.38067661
2018.03.12,05:45,9762,9781.1,9792.7,9755.9,87.71712649
2018.03.12,06:00,9781.1,9718.4,9781.2,9704.2,510.34307259
2018.03.12,06:15,9719,9760.8,9763.4,9701.3,340.99918724
2018.03.12,06:30,9760.7,9770.3,9799,9736.9,451.15301411
2018.03.12,06:45,9770.4,9776,9777,9754.1,148.6741933
2018.03.12,07:00,9775.5,9715.5,9775.5,9700,429.4981059
2018.03.12,07:15,9715.5,9403,9728.4,9402,2859.84014974
2018.03.12,07:30,9406.2,9402.5,9465.8,9306.2,2344.54439608
2018.03.12,07:45,9403.7,9236.3,9403.7,9188,2357.14599592
2018.03.12,08:00,9242.9,9298,9307.6,9227.3,515.80906567
2018.03.12,08:15,9297.4,9280.8,9338,9263.08989914,853.76214644
2018.03.12,08:30,9281.5,9279.1,9311,9251,548.37377396
2018.03.12,08:45,9279.2,9179,9283,9120,1746.99578705
2018.03.12,09:00,9178,9127.3,9184,9000,3081.82404059
2018.03.12,09:15,9127.1,9128.9,9177.8,9074.3566922,851.30146271
2018.03.12,09:30,9131.4,9185,9244,9129.3,1041.16101773
2018.03.12,09:45,9185,9177,9228,9173.3,892.13207704
2018.03.12,10:00,9175.6,9232.1,9280,9175,929.31942421
2018.03.12,10:15,9232.1,9062,9232.1,9061.8,1496.17271387
2018.03.12,10:30,9062,9200,9206,9033,1307.05746828
2018.03.12,10:45,9200,9173,9217.2,9150,478.37923844
2018.03.12,11:00,9173,9180,9201,9140.10326853,439.40628805
2018.03.12,11:15,9182,9229,9236.2,9152.3,678.2001412
2018.03.12,11:30,9229.4,9200,9243.8,9190,650.91279561
2018.03.12,11:45,9200,9200,9233.98210078,9191.5,637.75353918
2018.03.12,12:00,9199.1,9107.9643003,9212.8,9067.6,847.41360771
2018.03.12,12:15,9108,8938.3,9141.1,8910,2317.31960115
2018.03.12,12:30,8938.4,8885,9001,8852.8,2484.9697442
2018.03.12,12:45,8885,8914.9,8952.5,8865.7,789.72112545
2018.03.12,13:00,8915,8862.9,8944.3,8770,2033.9454641
2018.03.12,13:15,8862.5,8901,8947.3,8860,987.06309778
2018.03.12,13:30,8901.9,9009,9046,8882,1217.47320249
2018.03.12,13:45,9009,9000,9049,8970,528.52602543
2018.03.12,14:00,8999.9,9018.2,9034.3,8980,371.21505122
2018.03.12,14:15,9016.1,8997.3,9017.49314678,8940.1,677.98817442
2018.03.12,14:30,8997.3,9000.7,9033,8980.5,312.20663637
2018.03.12,14:45,9000.7,9099,9130.4,9000.7,1102.49526615
2018.03.12,15:00,9099,9126.2,9170,9099,728.21126194
2018.03.12,15:15,9126.1,9126,9142.3,9080,514.92616521
2018.03.12,15:30,9127.5,9107.7,9128,9018.5,916.53194333
2018.03.12,15:45,9107.7,9060.9,9125.1,9041,1004.7809413
2018.03.12,16:00,9061.9,9149.9,9150,9058.6,530.69357446
2018.03.12,16:15,9149.9,9184.5,9234.5,9120,675.48203667
2018.03.12,16:30,9183.7,9130.1,9203.86619156,9130,371.41468268
2018.03.12,16:45,9130,9130.2,9173.1,9090,734.75853609
2018.03.12,17:00,9130.2,9137,9137,9040,873.07507397
2018.03.12,17:15,9137,9140.1,9171.8,9137,661.82923335
2018.03.12,17:30,9140.1,9215.2,9255,9130,1024.94265595
2018.03.12,17:45,9214.3,9229.7,9250,9196.6,317.17014513
2018.03.12,18:00,9224.2,9190,9231.8,9170,505.2659511
2018.03.12,18:15,9190,9186,9210.8,9175,281.35323358
2018.03.12,18:30,9186,9145,9232.2,9145,416.55756183
2018.03.12,18:45,9145.1,9095,9159.5,9095,884.54524088
2018.03.12,19:00,9095,9110.2,9154.8,9090,466.48236984
2018.03.12,19:15,9110.2,9165.7,9179.9,9100,467.21800377
2018.03.12,19:30,9165.7,9141.4,9184.6,9110,169.41001758
2018.03.12,19:45,9142.1,9122.7,9147.9,9090,322.56910076
2018.03.12,20:00,9122.65197734,9060,9128.6,9060,501.50527559
2018.03.12,20:15,9060,8995,9060.1,8950,1303.82583957
2018.03.12,20:30,8990.8,9044.8,9061.1,8980.9,492.27835508
2018.03.12,20:45,9042,9047.1,9058.22367974,8997.8,124.35157097
2018.03.12,21:00,9047.7,9309.2,9333,9014.8,1746.90274423
2018.03.12,21:15,9305.9,9322.5,9368,9285,1199.62993256
2018.03.12,21:30,9322.6,9404.1,9469,9300.7,943.72381622
2018.03.12,21:45,9404.1,9380.2,9449.62310303,9348.8,573.52185703
2018.03.12,22:00,9377.1,9378.4,9419,9331.7,368.64371239
2018.03.12,22:15,9378.5,9346.5,9389.7,9342.7,317.7414047
2018.03.12,22:30,9351.4,9374.6,9375,9314.4,362.81527068
2018.03.12,22:45,9374.7,9383.3,9406.5,9360,272.1324601
2018.03.12,23:00,9383.3,9386.3,9482.4,9375.2,1083.77982995
2018.03.12,23:15,9386.3,9359.8,9426.3,9350.1,508.82332742
2018.03.12,23:30,9366.1,9392,9417.1,9350,298.71107698
2018.03.12,23:45,9392,9351,9392,9332,271.09502993
2018.03.13,00:00,9350.1,9270.3,9398.8,9255,882.8415787
2018.03.13,00:15,9270.4,9230.1,9270.5,9157.3,1662.38266338
2018.03.13,00:30,9230.2,9152.7,9230.3,9095,732.20985329
2018.03.13,00:45,9151.2,9202.6,9221.9,9125.21170003,569.41478156
2018.03.13,01:00,9202,9154.3,9206,9142,1074.19959742
2018.03.13,01:15,9153.2,9123.1,9170.1,9044.1,974.54693538
2018.03.13,01:30,9124,9217,9220,9113.9,477.60049646
2018.03.13,01:45,9215.1,9161.8,9219.5,9151,267.84428481
2018.03.13,02:00,9161.1,9194.5,9205,9151,196.72345137
2018.03.13,02:15,9194.5,9260.7,9282,9194.5,568.20706782
2018.03.13,02:30,9260.7,9310.4,9373.8,9260.1,705.43828518
2018.03.13,02:45,9307.3,9262.5,9329,9211.90539018,638.14080497
2018.03.13,03:00,9260.2,9157.89759234,9317,9101.3,670.7786881
2018.03.13,03:15,9157.8,9190.94345951,9213.8,9118.3,337.18087744
2018.03.13,03:30,9188.7,8960.8,9195.8,8951,1257.6436677
2018.03.13,03:45,8958.2,8876.6,9022,8875,1425.25376852
2018.03.13,04:00,8877,8929,8983,8875.9,784.90939597
2018.03.13,04:15,8929,9029.9,9055,8891,1078.75389972
2018.03.13,04:30,9029.9,9001.1,9029.9,8960.8,560.76914861
2018.03.13,04:45,9000.1,9045.1,9089,8961.7,716.24425683
2018.03.13,05:00,9045.1,8959.8,9045.1,8906,725.06441049
2018.03.13,05:15,8959.8,9005.7,9049,8935.7,550.29163012
2018.03.13,05:30,9005.6,8971.9,9005.7,8954.4,302.65755499
2018.03.13,05:45,8971.91501566,8946.7,8972,8822,1960.77507062
2018.03.13,06:00,8946.7,9109,9158.1,8922.9,2162.48026518
2018.03.13,06:15,9109.9,9203.6,9249.9,9109,974.88280189
2018.03.13,06:30,9203.6,9123.7,9250,9110,871.86296537
2018.03.13,06:45,9123.6,9118.3,9144.2,9090.2,698.15075393
2018.03.13,07:00,9115.4,9015.8,9117,9012,870.1895246
2018.03.13,07:15,9020.9,9056,9144,9020.9,416.36444092
2018.03.13,07:30,9055.8,9158.1,9188.9,9047,688.20063566
2018.03.13,07:45,9159.7,9084.4,9173.8,9028,443.1291839
2018.03.13,08:00,9083.3,9004,9119.4,9000,543.73037158
2018.03.13,08:15,9000.1,8980.7,9067.72316454,8941.810078,721.1373999
2018.03.13,08:30,8980.7,9010.4,9052,8951.3,303.98522155
2018.03.13,08:45,9010.5,9071.1,9095,8995,303.88579219
2018.03.13,09:00,9071.1,8984.6,9071.2,8951.1,534.33811443
2018.03.13,09:15,8984.5,9022.3,9062.2,8966.8,404.16384389
2018.03.13,09:30,9022.3,9316.2,9321.6,8982.4,2654.26958005
2018.03.13,09:45,9316.2,9223.7,9316.2,9197,1199.7943592
2018.03.13,10:00,9223.7,9192.6,9268.1,9165,632.10944073
2018.03.13,10:15,9191.1,9146.4,9200,9130.2,853.26718799
2018.03.13,10:30,9153.9,9175,9180,9130.2,299.8207438
2018.03.13,10:45,9172.7,9095.4,9217,9095.3,712.17124383
2018.03.13,11:00,9095.3,9082.2,9137,9057.6,371.52818055
2018.03.13,11:15,9084.8,9129,9149,9044.1,410.86802773
2018.03.13,11:30,9128.9,9113,9141.9,9083.1,172.12716875
2018.03.13,11:45,9113,9135.1,9162.6,9092.9,297.89371334
2018.03.13,12:00,9135,9131.9,9171.54699627,9110,261.75927473
2018.03.13,12:15,9131.8,9140.9,9194.1,9118,409.50594469
2018.03.13,12:30,9140.9,9009.1,9151.3,8989,1152.862067
2018.03.13,12:45,9009,9053.6,9067,8985.7,572.72152742
2018.03.13,13:00,9055,9059.1,9080,9030.1,237.46679397
2018.03.13,13:15,9059,9059,9077.7,9030.1,208.13194732
2018.03.13,13:30,9058.8,9146.6,9199.7,9038.7,743.35308669
2018.03.13,13:45,9147.5,9049.1,9150,8988.1,648.69220091
2018.03.13,14:00,9049.2,9060,9080,9035.6,164.39231602
2018.03.13,14:15,9060,9064.9,9121.9,9058.1,202.44039632
2018.03.13,14:30,9065,9090.3,9116.5,9064.9,113.52444039
2018.03.13,14:45,9090.3,9103.8896973,9114.3,9058.6,109.09932902
2018.03.13,15:00,9101.1,9110,9168,9089.8,314.03916321
2018.03.13,15:15,9107.11231312,9238.1,9250,9106.98836636,995.80571028
2018.03.13,15:30,9238.1,9139.8,9238.1,9114,514.2141879
2018.03.13,15:45,9139.6,9150.3,9168.5,9110.8,157.16208137
2018.03.13,16:00,9156.1,9182.1,9190,9148.7,203.33853353
2018.03.13,16:15,9182.1,9176.8,9184,9148,519.81298851
2018.03.13,16:30,9179.45035415,9179,9195.5,9175,153.55797451
2018.03.13,16:45,9179,9135.2,9179.1,9110.1,433.8396265
2018.03.13,17:00,9136,9222.5,9250,9136,1242.10930243
2018.03.13,17:15,9222.1,9227.8,9247,9190,342.86291705
2018.03.13,17:30,9227.7,9215.4,9230.1,9160.1,260.37226073
2018.03.13,17:45,9216.9,9305,9439.6,9216.9,2338.58541712
2018.03.13,18:00,9307.6,9312,9323.5,9280.2,583.14427872
2018.03.13,18:15,9312,9280.1,9320,9273,295.98896377
2018.03.13,18:30,9282.7,9283.6,9293.97795246,9260.2,393.1044882
2018.03.13,18:45,9283.6,9279.9,9299.5,9250,335.01331861
2018.03.13,19:00,9279.9,9290,9320,9273.7,183.5480145
2018.03.13,19:15,9290.1,9247.1,9290.1,9231,272.23088435
2018.03.13,19:30,9247.2,9232,9272.02846481,9227,190.84068503
2018.03.13,19:45,9230,9231.4,9255.2,9208.3,206.86004636
2018.03.13,20:00,9231.7,9248.9,9275,9230.1504843,195.54103822
2018.03.13,20:15,9249,9263.9,9292.9,9248.9,97.29439476
2018.03.13,20:30,9265.4,9314.8,9320,9255,219.516028
2018.03.13,20:45,9313.3,9255,9320,9241,326.2757797
2018.03.13,21:00,9256,9098.2,9256.4,9070,1236.14433976
2018.03.13,21:15,9098.6,9119.2,9120.8,9068.1,358.60315937
2018.03.13,21:30,9119.3,9129,9129.7,9083.6,242.36250721
2018.03.13,21:45,9129,9091.2,9129.1,9068.4,232.2843357
2018.03.13,22:00,9091.2,9104,9117,9086.2,206.51894271
2018.03.13,22:15,9104,9130.2,9138.54163175,9104,182.6144715
2018.03.13,22:30,9130.4,9125.9,9181.98756453,9110,417.57040553
2018.03.13,22:45,9125.9,9171.9,9183,9125.9,193.08639423
2018.03.13,23:00,9172,9157.2,9174,9119,273.71268062
2018.03.13,23:15,9153,9137.6,9177,9131.9,112.38928308
2018.03.13,23:30,9137.9,9096.3,9153,9096.3,226.44122964
2018.03.13,23:45,9100.9,9165.8,9193.41172734,9089.5,318.34365355
2018.03.14,00:00,9165.8,9147.3,9165.8,9128.6,84.02321528
2018.03.14,00:15,9146.8,9138.9,9159,9133,104.28562384
2018.03.14,00:30,9139.1,9125,9142.7,9109.9,100.99871998
2018.03.14,00:45,9125,9085.9,9141,9042,483.79789074
2018.03.14,01:00,9085.3,9100.1,9120.2,9070,346.14865734
2018.03.14,01:15,9100,9083,9110.1,9075,205.88512799
2018.03.14,01:30,9083,9095.5,9113.5,9082.9,201.57539809
2018.03.14,01:45,9095.7,9104.5,9120.9,9064,223.20257858
2018.03.14,02:00,9103.3,9100,9120,9076,114.86757226
2018.03.14,02:15,9098.1,9034,9098.8,9012.9,478.09153406
2018.03.14,02:30,9034,8925.60223549,9034,8872,2367.72871846
2018.03.14,02:45,8925.60223549,8899.2,8930,8855.4,887.01371773
2018.03.14,03:00,8899.1,8914.7,8928.4,8875,599.30789164
2018.03.14,03:15,8912.9,8730,8913,8656,3492.56992045
2018.03.14,03:30,8730,8710.1,8749,8675.17154277,975.73681071
2018.03.14,03:45,8710,8730.1,8770,8678.8825815,821.89250515
2018.03.14,04:00,8730,8704.5,8748.8,8605,1823.03954
2018.03.14,04:15,8701.8,8701.4,8742,8667,828.49569259
2018.03.14,04:30,8701.3,8706.77063993,8726.7,8676.1,565.04230247
2018.03.14,04:45,8709.2,8683.8,8709.2,8656,602.79237647
2018.03.14,05:00,8683.8,8579.9,8683.9,8556.75207328,1581.53919292
2018.03.14,05:15,8579.9,8689,8695,8556,1193.46745636
2018.03.14,05:30,8692.6,8722.9,8740,8647,772.87383
2018.03.14,05:45,8723.2,8669.7,8725.5,8665.6,541.37433181
2018.03.14,06:00,8669.7,8662.8,8690.4,8613,663.34888538
2018.03.14,06:15,8660,8627.3,8671.2,8557,805.05656485
2018.03.14,06:30,8628.3,8631.9,8666.8,8605.0664154,517.67934207
2018.03.14,06:45,8633.3,8662.4,8677.2,8633,304.58526396
2018.03.14,07:00,8662.3,8686.2,8728.9,8649.7,924.30933932
2018.03.14,07:15,8686.1,8767.3,8774.5,8677.2,676.97322784
2018.03.14,07:30,8769.6,8705.9,8777,8672.90578795,858.21614737
2018.03.14,07:45,8712.1,8732.6,8750,8705.2,275.81588769
2018.03.14,08:00,8732.6,8701.9,8742,8682,381.16407536
2018.03.14,08:15,8701.9,8650,8722,8649,507.13736441
2018.03.14,08:30,8650,8707,8722.8,8649.9,941.2001799
2018.03.14,08:45,8700.1,8719.2,8737.8,8695.3,329.53032464
2018.03.14,09:00,8719.6,8705,8730.1,8681,216.78885478
2018.03.14,09:15,8704.1,8677.2,8717.9,8645,323.45909975
2018.03.14,09:30,8677.3,8472.2,8680.8,8460.1,2849.82179385
2018.03.14,09:45,8472.2,8413.7,8473.18551082,8362.2,2826.03077776
2018.03.14,10:00,8414,8317,8431.7,8210,3940.39384405
2018.03.14,10:15,8316.5,8307.8,8350,8241.1,1423.75299861
2018.03.14,10:30,8307.8,8361.42753182,8404.3,8301,1374.60394759
2018.03.14,10:45,8359.1,8315,8361.42753182,8274.5,1121.93202246
2018.03.14,11:00,8316.6,8303.4,8330.1,8178,1989.21224746
2018.03.14,11:15,8304.3,8251.1,8304.3,8216.3,864.276481
2018.03.14,11:30,8251.2,8258.6,8319.9,8241.37743256,910.44423498
2018.03.14,11:45,8258.6,8252.5,8300,8228.75360769,540.20895893
2018.03.14,12:00,8252.1,8306.8,8341,8252.1,577.69120717
2018.03.14,12:15,8307.1,8345,8360,8307,464.12625205
2018.03.14,12:30,8344.9,8315.9,8354.24927846,8283.4,561.28603384
2018.03.14,12:45,8315.9,8279.2,8333,8263.9,329.23590409
2018.03.14,13:00,8279.2,8254.1,8279.2,8183,1246.69671596
2018.03.14,13:15,8254.5,8331.9,8343,8247,666.54089315
2018.03.14,13:30,8334.9,8266.2,8342.9,8259.6,334.50440393
2018.03.14,13:45,8266.1,8286.2,8312,8250.9,258.0294737
2018.03.14,14:00,8286.2,8090,8286.7,8084,2173.70074983
2018.03.14,14:15,8090,8084.8,8120,8030,2333.6111439
2018.03.14,14:30,8086.3,8046,8124.5,8035,854.5968693
2018.03.14,14:45,8046.7,8038,8070,7916,4478.94613581
2018.03.14,15:00,8038,8106.9,8158,8037.9,1468.62598904
2018.03.14,15:15,8106.9,8183.1,8325,8106.8,2921.55285828
2018.03.14,15:30,8185.3,8194.9,8220,8130,972.57798736
2018.03.14,15:45,8194.9,8168.84194849,8195,8125,457.35025114
2018.03.14,16:00,8166.9,8183.9,8245.7,8140,625.3269824
2018.03.14,16:15,8184,8273.6,8278,8182.7,571.89724555
2018.03.14,16:30,8273.5,8213.4,8273.6,8192.4,694.70835458
2018.03.14,16:45,8213.4,8176,8213.5,8175,417.54003679
2018.03.14,17:00,8175.6,8243.3,8257,8174.2,391.41573295
2018.03.14,17:15,8240.7,8105.1,8242,8094,956.32918536
2018.03.14,17:30,8105.1,8140.3,8162.9,8042,1116.15440026
2018.03.14,17:45,8140.3,8078.6,8140.3,8040.1,436.3717854
2018.03.14,18:00,8078.7,8074.1,8133.84456584,8042,533.05655985
2018.03.14,18:15,8074.2,8148.1,8149,8072,586.53924363
2018.03.14,18:30,8148.1,8127.8,8183.8,8113.1,345.33729962
2018.03.14,18:45,8127.8,8119.7,8138.6,8069,587.21277035
2018.03.14,19:00,8119.8,7990.1,8121.7,7943,1301.90263747
2018.03.14,19:15,7990.2,7821.3,7995.8,7811.1,3427.93085716
2018.03.14,19:30,7821.2,7867.9,7916.8,7815,886.33452776
2018.03.14,19:45,7867.7,7782.3,7890,7730.1,2369.16378094
2018.03.14,20:00,7782.6,7880,7913.5,7777.7,1379.25378401
2018.03.14,20:15,7880,7945.8,7970,7841.26728553,1080.95842576
2018.03.14,20:30,7944.8,7945.5,7950,7889.7,718.85721551
2018.03.14,20:45,7945.6,7887.2,7945.6,7853,411.57081544
2018.03.14,21:00,7887.3,7908.2,7911.8,7823,673.24234413
2018.03.14,21:15,7908.2,7850.8,7920,7820,564.88269787
2018.03.14,21:30,7850.8,7877.9,7912,7850,473.69283293
2018.03.14,21:45,7877.8,7894.9,7946,7876.8,619.8625468
2018.03.14,22:00,7895.1,7800,7912.7,7771,1020.39153111
2018.03.14,22:15,7800,7800.1,7852,7769,1057.66738738
2018.03.14,22:30,7800,7806.8,7831.8,7750.1,642.85425634
2018.03.14,22:45,7806.8,7771,7806.8,7736.5,1076.31557493
2018.03.14,23:00,7771.1,7704.7,7773,7665.1,1942.89473504
2018.03.14,23:15,7704.9,7738.9,7775,7685.2,986.18507291
2018.03.14,23:30,7739.1,7842.6,7849.9,7714,1662.5364583
2018.03.14,23:45,7841.6,7841.7,7858,7779,807.39367628
2018.03.15,00:00,7841.7,7892.1,7939,7841.7,1335.42257875
2018.03.15,00:15,7892,7882.1,7926.9,7860.3,407.19243844
2018.03.15,00:30,7882,7900,7944,7869.2,549.74848186
2018.03.15,00:45,7899.9,7882.4,7922.5,7860.3,564.53852749
2018.03.15,01:00,7882.4,7864.8,7883.2,7801,812.91330151
2018.03.15,01:15,7864.8,7845.3,7889.5,7826.5,330.17723211
2018.03.15,01:30,7845.3,8115,8137,7831.78726036,1590.69594516
2018.03.15,01:45,8115,8181.7,8250,8109,2371.18978326
2018.03.15,02:00,8181.7,8171.1,8185,8125,1335.21553575
2018.03.15,02:15,8171.2,8263,8263,8158.2,907.37979763
2018.03.15,02:30,8262.4,8182.3,8279,8149.4,1324.61501386
2018.03.15,02:45,8182.3,8174.5,8223.3,8169.8,528.60103153
2018.03.15,03:00,8174.4,8217.1,8261,8174.4,561.45388946
2018.03.15,03:15,8217.1,8163.6,8220,8136,970.77334074
2018.03.15,03:30,8163.6,8083.1,8165,8050,1016.42504222
2018.03.15,03:45,8081.8,8096.5,8135.9,8076.6,472.35166105
2018.03.15,04:00,8096.5,8120.20776651,8197.8,8096.5,717.64598095
2018.03.15,04:15,8120.20776651,8187.2,8221.7,8098.1,928.81917403
2018.03.15,04:30,8187.2,8195,8200,8150,244.19342854
2018.03.15,04:45,8193.4,8235.4,8275,8186.1,831.94545037
2018.03.15,05:00,8235.2,8177.1,8249,8150,726.16634869
2018.03.15,05:15,8177.1,8144.2,8214,8132,591.12276496
2018.03.15,05:30,8144.2,8169.2,8209.9,8123.3,559.11904185
2018.03.15,05:45,8169.6,8232.2,8233.9,8140,452.14309569
2018.03.15,06:00,8230,8198.5,8247,8171.4,518.42692216
2018.03.15,06:15,8198.2,8202,8244.87780795,8178,434.96068168
2018.03.15,06:30,8202,8222.2,8249,8196.2,501.31489828
2018.03.15,06:45,8222.2,8385.7,8418,8205,2427.49976443
2018.03.15,07:00,8385.6,8357.5,8388.7,8333,690.25742601
2018.03.15,07:15,8357.5,8328.7,8357.6,8303.1,638.68727803
2018.03.15,07:30,8328.8,8315,8332.4,8266,796.41587143
2018.03.15,07:45,8315,8276.7,8315,8267.1,441.43883335
2018.03.15,08:00,8277.9,8024.2,8280.2,8000,3001.0629374
2018.03.15,08:15,8023.1,8023,8060.6,7972.8,1717.1556145
2018.03.15,08:30,8021.3,8047.7,8056.9,7934.1,1847.46172151
2018.03.15,08:45,8047.8,8093.9,8132,8035.2,1322.34212261
2018.03.15,09:00,8092.9,8080.2,8143,8030,706.71917593
2018.03.15,09:15,8080.2,8049.3,8110,8032,518.98018454
2018.03.15,09:30,8049.2,8020.7,8049.2,7967,1121.00931974
2018.03.15,09:45,8022.6,8081,8145,8022.6,1536.50073342
2018.03.15,10:00,8076.6,8150,8216.7,8066.3,1042.39888072
2018.03.15,10:15,8150,8214.9,8247.4,8145.6,715.06441914
2018.03.15,10:30,8214.39749994,8175.9,8222.9,8160.7,447.66747626
2018.03.15,10:45,8178.2,8155.2,8184,8119.4,554.56877792
2018.03.15,11:00,8156.2,8227.3,8227.8,8140,521.91845778
2018.03.15,11:15,8223.9,8100.1,8226.9,8081,511.49762807
2018.03.15,11:30,8100.8,8095.8,8134.7,8073,643.92672858
2018.03.15,11:45,8095.7,8144.3,8149.9,8095.7,447.37711354
2018.03.15,12:00,8144.3,8152.6,8204.3,8133.8,594.65915795
2018.03.15,12:15,8152,8196.9,8244,8150.3,794.82121899
2018.03.15,12:30,8196.8,8283.9,8337.8,8180,1185.96018039
2018.03.15,12:45,8284.5,8212.2,8312.9,8200,622.15859421
2018.03.15,13:00,8212.1,8257.6,8276,8212.1,356.66899233
2018.03.15,13:15,8257.7,8218.9,8279,8190,657.24781768
2018.03.15,13:30,8214.7,8235,8269.6,8205.3,285.0997212
2018.03.15,13:45,8234.9,8240.7,8296.52977425,8201.1,590.23683623
2018.03.15,14:00,8240.7,8238,8254.1,8200,462.2566248
2018.03.15,14:15,8238,8179.7,8240.9,8143.1,1094.34596109
2018.03.15,14:30,8179.7,8236.1,8250,8177.7,373.87179749
2018.03.15,14:45,8236.1,8311,8354,8236.1,862.50817788
2018.03.15,15:00,8311.1,8325,8394,8311,967.75489746
2018.03.15,15:15,8325,8297,8365.6,8284.3,351.1413174
2018.03.15,15:30,8297,8291,8331,8284.8,365.18331796
2018.03.15,15:45,8290.9,8318,8345.3,8250,502.17716289
2018.03.15,16:00,8318,8308.5,8325.1,8267.1,350.7212371
2018.03.15,16:15,8307,8282.6,8307,8261.1,223.73338769
2018.03.15,16:30,8282.7,8270,8282.7,8211.1,406.75161256
2018.03.15,16:45,8269.9,8250.1,8288.64989319,8238.3,208.30356158
2018.03.15,17:00,8249.5,8275.9,8327.2,8248.1,438.62929871
2018.03.15,17:15,8275.8,8303.7,8340,8275.8,421.19534805
2018.03.15,17:30,8303.7,8153.1,8317.4,8092,1301.33077827
2018.03.15,17:45,8153,8060.2,8180,8024.8,1307.2242503
2018.03.15,18:00,8060.3,8071.1,8083.9,8010,743.61993281
2018.03.15,18:15,8071.1,8011.7,8081.53996423,7986,905.18180299
2018.03.15,18:30,8013,8031.5,8050,7998.8,918.36910771
2018.03.15,18:45,8031.5,8008.9,8031.5,7902,1070.79103137
2018.03.15,19:00,8008.9,8002.3,8084,7965.1,1815.34179628
2018.03.15,19:15,8002.4,8053,8067.7,7990.1,519.96528041
2018.03.15,19:30,8055.5,8056.9,8061.8,8012,581.58525584
2018.03.15,19:45,8057,8096.5,8120,8057,775.05931478
2018.03.15,20:00,8096.7,8079.8,8146.1,8070,1309.09813584
2018.03.15,20:15,8080.5,8072.2,8104.3,8056,321.38688365
2018.03.15,20:30,8072.4,8043.6,8097.2,8041.47213014,217.67121263
2018.03.15,20:45,8046.4,8033.9,8070.8,8001.2,517.80250675
2018.03.15,21:00,8033.9,8077.9,8101.3,8012.5,339.43349086
2018.03.15,21:15,8077.8,8102,8124.9,8075.3,272.13135183
2018.03.15,21:30,8101.9,8235,8258.9,8101.9,1332.47633424
2018.03.15,21:45,8235,8191.5,8255,8180,387.65599223
2018.03.15,22:00,8191.9,8189,8211.7,8166.4,288.92963296
2018.03.15,22:15,8189.1,8213.9,8220.1,8183.8,309.89055772
2018.03.15,22:30,8210.5,8236.8,8239,8209.3,339.37966326
2018.03.15,22:45,8238.5,8188.9,8238.7,8149,967.10708372
2018.03.15,23:00,8188.2,8196.2,8223,8182.7,156.77762644
2018.03.15,23:15,8196.1,8204,8212.7,8189.2,148.49601485
2018.03.15,23:30,8204,8223.3,8300,8204,612.56615114
2018.03.15,23:45,8223.3,8200.9,8224.7,8150,488.36823442
2018.03.16,00:00,8201.1,8224.7,8234.98402517,8196.2,335.17059265
2018.03.16,00:15,8224.5,8240.3,8250,8207,318.6844721
2018.03.16,00:30,8240.2,8263.7,8288.4,8235,426.47356097
2018.03.16,00:45,8263.8,8245.7,8300,8240,544.66749255
2018.03.16,01:00,8245.1,8260.6,8265.9,8177,519.86228976
2018.03.16,01:15,8261.9,8200.3,8290,8200,348.23781744
2018.03.16,01:30,8200.2,8218.9,8238.4,8170.3,416.96426545
2018.03.16,01:45,8218.6,8200,8234.4,8188.6,169.88890528
2018.03.16,02:00,8199.1,8098.3,8199.1,8069,1007.97409042
2018.03.16,02:15,8099.9,8170.4,8200,8082,716.62593548
2018.03.16,02:30,8170.8,8181.4,8184.9,8147.5,245.71859967
2018.03.16,02:45,8181.3,8198.2,8223.3,8120,486.20414719
2018.03.16,03:00,8204.2,8128,8204.2,8128,292.36297806
2018.03.16,03:15,8129.9,8141,8155.7,8120,168.93595913
2018.03.16,03:30,8141.1,8112.9,8143.6,8050,643.62523902
2018.03.16,03:45,8112.8,8100,8122.5,8066,286.09553543
2018.03.16,04:00,8100,8127.7,8132.4,8087.9,184.53770302
2018.03.16,04:15,8127.7,8140,8154.1,8094,272.91670668
2018.03.16,04:30,8133,8166.5,8169,8113.4,236.63888457
2018.03.16,04:45,8165.5,8198,8218.5,8165.5,513.17507074
2018.03.16,05:00,8197,8220.3,8244.1,8161.1,461.01377619
2018.03.16,05:15,8220.3,8178.9,8238.4,8173.2,395.40359524
2018.03.16,05:30,8180.07126825,8156.1,8204,8153.5,289.55189067
2018.03.16,05:45,8156.6,8188.5,8200,8156.5,187.44341377
2018.03.16,06:00,8188.6,8160.5,8197.6,8150,353.95855857
2018.03.16,06:15,8160.5,8517.4,8550,8155.9,4421.0478406
2018.03.16,06:30,8518.8,8452,8545,8441.4,2162.9352355
2018.03.16,06:45,8454.1,8462.4,8490,8420,1173.33969605
2018.03.16,07:00,8461.3,8495.3,8574.1,8449.9,1999.096688
2018.03.16,07:15,8495.2,8505.4,8509.6,8468.7,492.07485694
2018.03.16,07:30,8506.2,8465.9,8506.3,8450,579.76161481
2018.03.16,07:45,8465.8,8442.3,8474,8429.5,366.56360667
2018.03.16,08:00,8442.4,8505,8516.3,8441,499.50728343
2018.03.16,08:15,8506.3,8500.9,8525,8462,428.30899765
2018.03.16,08:30,8500.9,8600,8604.5,8475.6,1166.72323873
2018.03.16,08:45,8599,8551.2,8601.4,8530.2,926.28475191
2018.03.16,09:00,8551.3,8505.3,8562.8,8493,476.1876977
2018.03.16,09:15,8505.3,8548,8575.7,8480,702.42830175
2018.03.16,09:30,8549.1,8527,8550,8524.9,290.25933627
2018.03.16,09:45,8527,8539.7,8566,8526.1,316.58818611
2018.03.16,10:00,8539.4,8528,8540,8479.1,424.67815083
2018.03.16,10:15,8529.6,8531.7,8547,8505,219.02173835
2018.03.16,10:30,8531.8,8538.8,8586.3,8521.2,544.56589828
2018.03.16,10:45,8538.9,8445,8555.9,8445,504.97052241
2018.03.16,11:00,8445,8500.3,8532,8441,436.83269701
2018.03.16,11:15,8500,8532.1,8556,8488,365.89721487
2018.03.16,11:30,8531.4,8501.7,8552,8475,459.51651811
2018.03.16,11:45,8507,8511.6,8520.6,8480.7,232.2128401
2018.03.16,12:00,8510.4,8488,8521.7,8465,405.30219415
2018.03.16,12:15,8488.1,8527.1,8567.37654894,8484.4,721.71768235
2018.03.16,12:30,8527.1,8566.5,8598.8,8523,489.85079385
2018.03.16,12:45,8567,8530.5,8570.3,8520.1,255.07791625
2018.03.16,13:00,8535.9,8552.3,8564.4,8491,286.45943238
2018.03.16,13:15,8554.9,8539.9,8566.9,8518.9,207.27471961
2018.03.16,13:30,8539.9,8516,8539.9,8492.1,232.21367894
2018.03.16,13:45,8515.7,8533,8538.74202258,8506.2,126.09295756
2018.03.16,14:00,8528.3,8508.5,8540,8485.9,381.31179536
2018.03.16,14:15,8508.9,8496.7,8516.5,8450,399.69440479
2018.03.16,14:30,8496.6,8512.4,8516.1,8479,208.44302435
2018.03.16,14:45,8512.5,8500.1,8515,8495,107.69254384
2018.03.16,15:00,8500.9,8510.5,8545,8487,402.07568811
2018.03.16,15:15,8510.4,8500,8514.2,8480.4,223.18027958
2018.03.16,15:30,8500,8501.6,8510,8461,432.72570108
2018.03.16,15:45,8503.1,8480,8503.1,8465.1,224.15126769
2018.03.16,16:00,8480,8492.4,8515.9,8480,161.499294
2018.03.16,16:15,8492.5,8488.8,8506.2,8479.9,114.69925742
2018.03.16,16:30,8488.6,8315.3,8498.1,8255,2067.24500928
2018.03.16,16:45,8315.3,8250,8326.8,8250,1139.8310288
2018.03.16,17:00,8250,8253.7,8290.7,8226.3,693.5558743
2018.03.16,17:15,8253.2,8270,8275,8227,492.27870914
2018.03.16,17:30,8270,8270.7,8320,8260,684.19497232
2018.03.16,17:45,8270.8,8290.5,8294.3,8261.5,166.33135136
2018.03.16,18:00,8290.9,8280.7,8306.3,8267,193.14812325
2018.03.16,18:15,8280.7,8136,8280.7,8069.1,1793.66319239
2018.03.16,18:30,8135,8131.2,8172.2,8115,1494.53015501
2018.03.16,18:45,8131.3,8150,8157.9,8111,918.86268621
2018.03.16,19:00,8150,8154.9,8162,8132.1,290.31351975
2018.03.16,19:15,8155,8179.5,8179.9,8150,214.51266918
2018.03.16,19:30,8179.9,8133.7,8188.6,8122.9,261.86371024
2018.03.16,19:45,8126.9,8222.7,8241.8,8090,817.69402616
2018.03.16,20:00,8222.6,8194,8239,8190,135.13616631
2018.03.16,20:15,8194,8201.2,8222.1,8187,135.60560711
2018.03.16,20:30,8200.2,8201.8,8203.77841189,8166,173.59368341
2018.03.16,20:45,8201.4,8195.3,8204.3,8185,67.61110237
2018.03.16,21:00,8194.2,8157.9,8196.7,8150.1,285.72152703
2018.03.16,21:15,8158,8167.4,8189.6,8082,820.99847609
2018.03.16,21:30,8167.4,8168.9,8190,8142.2,244.79630978
2018.03.16,21:45,8168.7,8210,8240.3,8163.6,456.62579965
2018.03.16,22:00,8210,8177.8,8210.1,8161,312.94160089
2018.03.16,22:15,8175.9,8170.4,8190.6,8163.4,106.88165735
2018.03.16,22:30,8170.4,8159,8190.9,8145.5,228.61978698
2018.03.16,22:45,8158.9,8154.1,8174.1,8146.2,257.0442564
2018.03.16,23:00,8154,8119.9,8166.7,8112.3,521.20676309
2018.03.16,23:15,8120,8155,8157.4,8119.9,344.22687287
2018.03.16,23:30,8155,8142.5,8165.5,8126.8,260.58800847
2018.03.16,23:45,8142.4,8183.8,8221,8142.4,404.01975817
2018.03.17,00:00,8184.5,8197.2,8239,8180.4,233.53869655
2018.03.17,00:15,8197.2,8187.1,8200.9,8180.3,137.77585613
2018.03.17,00:30,8187.7,8196.7,8201,8170,142.11412793
2018.03.17,00:45,8197,8181.1,8200.5,8181.1,71.63107292
2018.03.17,01:00,8181.2,8163.5,8181.2,8135,352.83731078
2018.03.17,01:15,8166.3,8174.2,8181.2,8162.4,64.47912218
2018.03.17,01:30,8178,8182.5,8196.4,8171.8,97.41722952
2018.03.17,01:45,8182.9,8296,8367,8179.8,1773.96132733
2018.03.17,02:00,8296,8293.8,8322.1,8287,294.52828595
2018.03.17,02:15,8294.9,8286,8305.1,8286,187.5268484
2018.03.17,02:30,8286.06218636,8244.9,8286.1,8242.3,291.98585694
2018.03.17,02:45,8244.3,8276.4,8291.4,8241.9,179.88154363
2018.03.17,03:00,8276.8,8253,8277.9,8248,154.53338669
2018.03.17,03:15,8258.8,8230.6,8261.3,8222.4,185.00743939
2018.03.17,03:30,8230.7,8230.6,8257,8230.6,122.53763812
2018.03.17,03:45,8230.6,8226.1,8245.1,8226,73.92925436
2018.03.17,04:00,8226.4,8241,8255,8226.4,150.58690236
2018.03.17,04:15,8241,8274,8284,8238,168.22441602
2018.03.17,04:30,8274.1,8283.9,8284.8,8264.5,148.04003162
2018.03.17,04:45,8282,8176.1,8285,8170.5,278.85082734
2018.03.17,05:00,8176.1,8115.8,8178.9,8058,1262.50972428
2018.03.17,05:15,8116.8,8068.7,8127.8,8002.4,1227.76504809
2018.03.17,05:30,8068.8,7998.4,8082.9,7970.6,878.08700315
2018.03.17,05:45,7998.4,8035.4,8055,7988.1,484.02809872
2018.03.17,06:00,8035.4,7999.9,8069,7976.8,500.11256229
2018.03.17,06:15,8000,8002.9,8045,7989.5,341.3542095
2018.03.17,06:30,8003.3,7975.2,8023.4,7928.26921185,1084.96454932
2018.03.17,06:45,7975,7989.9,7992.7,7943.4,370.06495856
2018.03.17,07:00,7990,7986.4,8034.6,7962,455.07452607
2018.03.17,07:15,7986.4,8035,8055.5,7974.9,522.74988892
2018.03.17,07:30,8035,7999.97540096,8035,7989.9,289.72064841
2018.03.17,07:45,7999.9,7968.7,8000.3,7952.4,456.43734904
2018.03.17,08:00,7968.7,7866.5,7987.9,7854,1359.89206683
2018.03.17,08:15,7862.7,7868.6,7918.9,7840,1210.28860425
2018.03.17,08:30,7868.5,7915.4,7937.9,7868.4,426.38081672
2018.03.17,08:45,7915.3,7888.8,7915.4,7855.70205648,1161.15519694
2018.03.17,09:00,7888.1,7891.3,7910.1,7863.6,404.51685095
2018.03.17,09:15,7892.4,7917.93761685,7940,7891.1,297.75940304
2018.03.17,09:30,7918,7892.6,7935,7890,160.39272296
2018.03.17,09:45,7894,7887.1,7910.8,7864,421.2082855
2018.03.17,10:00,7886.6,7908.4,7920.1,7882.1,381.31373386
2018.03.17,10:15,7908.1,7949.1,7973,7888,986.51259893
2018.03.17,10:30,7949,7938.7,7976.9,7921.3,283.91855646
2018.03.17,10:45,7938.8,7916,7954.1,7901.1,220.0931706
2018.03.17,11:00,7913.1,7918.4,7945,7901.21027256,129.32569072
2018.03.17,11:15,7918.4,7935.4,7955,7916,172.45935457
2018.03.17,11:30,7935.4,7886,7960,7881.2,470.28696157
2018.03.17,11:45,7886.8,7814.2,7902.9,7780,1364.06205444
2018.03.17,12:00,7817,7792.6,7830,7750,955.72712959
2018.03.17,12:15,7795.7,7809.5,7817.1,7778.9,308.29494849
2018.03.17,12:30,7809.5,7775,7817,7766.3,208.08893895
2018.03.17,12:45,7775.6,7823.5,7838.4,7728.1,847.95162384
2018.03.17,13:00,7823.6,7767.4,7827.6,7756,1524.31415877
2018.03.17,13:15,7767.5,7792.9,7846.1,7755.4,600.42790836
2018.03.17,13:30,7792.9,7786.9,7815,7781,512.57048514
2018.03.17,13:45,7788,7820.4,7824.9,7786.9,500.38202139
2018.03.17,14:00,7820.4,7898,7899,7805.27403326,739.87952716
2018.03.17,14:15,7898,8008.1,8047,7895.9,2578.6377573
2018.03.17,14:30,8008.1,7969.9,8030,7963,468.43639026
2018.03.17,14:45,7968.7,7939.2,7982.6,7922.6,349.15565319
2018.03.17,15:00,7941.3,7931.8,8013,7931.7,606.25288648
2018.03.17,15:15,7931,7947,7977.6,7927.1,410.01924626
2018.03.17,15:30,7949.9,7998.4,8029,7946.9,713.4728917
2018.03.17,15:45,7998.3,7986,8027,7986,266.79921032
2018.03.17,16:00,7987.8,7880.5,7995,7876,474.79283707
2018.03.17,16:15,7880.4,7866.2,7905.8,7799,904.27840642
2018.03.17,16:30,7864.5,7879.1,7889.89471613,7822.6,382.86231339
2018.03.17,16:45,7880.1,7845,7925,7832,357.71462995
2018.03.17,17:00,7838.6,7837.8,7870,7799,385.64204164
2018.03.17,17:15,7833.3,7769.9,7839.6,7760.1,725.26252842
2018.03.17,17:30,7769.9,7750.9,7809,7744.9,869.85349235
2018.03.17,17:45,7750.1,7683.8,7750.6,7679,1407.70490099
2018.03.17,18:00,7683.8,7729.1,7769.1,7683.7,703.25061718
2018.03.17,18:15,7729.26301289,7762.5,7780,7716,284.02665363
2018.03.17,18:30,7762.6,7749,7774.8,7735,230.60197745
2018.03.17,18:45,7748.9,7710,7760,7700,295.36777114
2018.03.17,19:00,7710,7636.5,7710,7601,2133.62133752
2018.03.17,19:15,7643.6,7622,7674,7610,507.46544498
2018.03.17,19:30,7622,7562.5,7629.8,7537,1967.60528161
2018.03.17,19:45,7563.3,7637,7637,7530,1296.57999224
2018.03.17,20:00,7637,7645.2,7724.9,7626,1225.84493815
2018.03.17,20:15,7645.2,7624.9,7660.9,7587,766.62237744
2018.03.17,20:30,7624.9,7703,7705,7610.3,585.56964829
2018.03.17,20:45,7701.1,7641.1,7721,7640,628.20595783
2018.03.17,21:00,7641.1,7714.6,7716.6,7630.1,473.38687941
2018.03.17,21:15,7714.5,7691,7732.2,7677.5,275.90224932
2018.03.17,21:30,7689.9,7583,7695,7577.5,459.15781623
2018.03.17,21:45,7583,7571,7597,7520,1155.87196677
2018.03.17,22:00,7571,7617.4,7623,7562.2,678.47360265
2018.03.17,22:15,7619.3,7589.8,7623,7570.2,233.96667373
2018.03.17,22:30,7589.8,7628,7635.17170127,7587.5,346.14619157
2018.03.17,22:45,7625.4,7659.9,7689.9,7625.4,347.03191784
2018.03.17,23:00,7660,7680,7699.86716521,7651.16107449,279.56958
2018.03.17,23:15,7683.5,7706.1,7761.2,7683.5,713.15924428
2018.03.17,23:30,7706,7706,7719,7655.7,466.00793551
2018.03.17,23:45,7704.5,7750,7770.6,7701.95808324,628.96222715
2018.03.18,00:00,7750.4,7715.9,7752.5,7709,237.55280831
2018.03.18,00:15,7714.4,7713.8,7715.7,7690,386.72105536
2018.03.18,00:30,7713.88861557,7681.4,7730,7675,352.56702715
2018.03.18,00:45,7681.5,7665.05952967,7700,7655.7,238.03570169
2018.03.18,01:00,7665.1,7716.8,7735,7655.7,342.13249679
2018.03.18,01:15,7716.9,7703.7,7744,7694.9,374.76443435
2018.03.18,01:30,7703.8,7772,7793.6,7693,661.16215331
2018.03.18,01:45,7772.1,7738.2,7793.7,7730.9,385.70558595
2018.03.18,02:00,7740.7,7756.3,7763.4,7730,244.89589232
2018.03.18,02:15,7756.6,7696.9,7756.7,7665.2,450.07173157
2018.03.18,02:30,7696.9,7694.4,7701,7649,551.58976495
2018.03.18,02:45,7693.1,7683,7695,7656.3,146.93317066
2018.03.18,03:00,7683,7689.1,7726.5,7680,373.86660321
2018.03.18,03:15,7687.7,7581.9,7707,7574,994.35212766
2018.03.18,03:30,7581.9,7540,7615.9,7537.1,1218.73904345
2018.03.18,03:45,7540,7578,7590.03247073,7522,1164.69752795
2018.03.18,04:00,7578,7578.9,7589,7540,498.19264815
2018.03.18,04:15,7579,7627.5,7690,7579,1052.6062152
2018.03.18,04:30,7625.5,7686,7716,7622.7,1005.9106229
2018.03.18,04:45,7687.1,7767.4,7823.2,7680.5,1107.17932221
2018.03.18,05:00,7765.4,7730.7,7778.3,7714.3,594.74465566
2018.03.18,05:15,7730.1,7740,7779.7,7715.2,341.06973244
2018.03.18,05:30,7740,7758.9,7786,7727.04909968,690.07717376
2018.03.18,05:45,7758.9,7693.1,7816.4,7671.2092886,666.89889854
2018.03.18,06:00,7693.1,7671.9,7728,7628,660.66437441
2018.03.18,06:15,7670.9,7529,7670.9,7529,1308.27372528
2018.03.18,06:30,7529,7562.6,7630,7522,979.12945254
2018.03.18,06:45,7562.6,7597.1,7616,7550,462.98994766
2018.03.18,07:00,7597.1,7401.9,7612.3,7354.8,4324.41949047
2018.03.18,07:15,7401.9,7391,7435.9,7350.1,1453.79126664
2018.03.18,07:30,7389,7411.9,7467,7240,4092.03763901
2018.03.18,07:45,7411.8,7476.87690643,7523,7401,2079.40673958
2018.03.18,08:00,7478.7,7434.6,7489.54540982,7400,757.13838684
2018.03.18,08:15,7434.2,7404.0637607,7472.57207517,7380.9,950.03067148
2018.03.18,08:30,7404,7407,7429.76975303,7368.9,631.03781667
2018.03.18,08:45,7407.1,7381.5,7449.8,7356,873.86890545
2018.03.18,09:00,7378.5,7385.2,7390.6,7318,1266.19390818
2018.03.18,09:15,7385.2,7368.1,7402,7355.8,620.29522417
2018.03.18,09:30,7368.2,7421.1,7453.2,7367.9,1358.36143287
2018.03.18,09:45,7421.1,7377.6,7439.2,7362.1,629.59371327
2018.03.18,10:00,7377.3,7374,7397,7371.1,113.81356271
